,x1,y,rep,noise,y_noise
0,-4.0,0.0,0.0,0.0,0.0
1,-3.9,0.0007109385634349,0.0,0.0,0.0007109385634349
2,-3.8,0.001519092339822,0.0,0.0,0.001519092339822
3,-3.7,0.0024307715916115,0.0,0.0,0.0024307715916115
4,-3.6,0.0034524972527753,0.0,0.0,0.0034524972527753
5,-3.5,0.0045910896330776,0.0,0.0,0.0045910896330776
6,-3.3999999999999995,0.0058537982318749,0.0,0.0,0.0058537982318749
7,-3.2999999999999994,0.0072484899659503,0.0,0.0,0.0072484899659503
8,-3.1999999999999997,0.0087839227711172,0.0,0.0,0.0087839227711172
9,-3.099999999999999,0.0104701465345963,0.0,0.0,0.0104701465345963
10,-2.999999999999999,0.0123190963989163,0.0,0.0,0.0123190963989163
11,-2.899999999999999,0.0143454788904593,0.0,0.0,0.0143454788904593
12,-2.799999999999999,0.0165681057619185,0.0,0.0,0.0165681057619185
13,-2.699999999999999,0.0190119147103462,0.0,0.0,0.0190119147103462
14,-2.5999999999999988,0.0217110481308567,0.0,0.0,0.0217110481308567
15,-2.4999999999999987,0.0247135711080201,0.0,0.0,0.0247135711080201
16,-2.3999999999999986,0.0280887504584744,0.0,0.0,0.0280887504584744
17,-2.2999999999999985,0.031938380484988,0.0,0.0,0.031938380484988
18,-2.1999999999999984,0.0364145934934804,0.0,0.0,0.0364145934934804
19,-2.0999999999999983,0.041748228519073,0.0,0.0,0.041748228519073
20,-1.9999999999999984,0.0482946606443019,0.0,0.0,0.0482946606443019
21,-1.899999999999998,0.0566088255799036,0.0,0.0,0.0566088255799036
22,-1.799999999999998,0.0675689512566437,0.0,0.0,0.0675689512566437
23,-1.699999999999998,0.0825787283708551,0.0,0.0,0.0825787283708551
24,-1.599999999999998,0.1038808339761591,0.0,0.0,0.1038808339761591
25,-1.4999999999999978,0.1349641456127861,0.0,0.0,0.1349641456127861
26,-1.3999999999999977,0.1807818921668509,0.0,0.0,0.1807818921668509
27,-1.2999999999999976,0.2466985818851426,0.0,0.0,0.2466985818851426
28,-1.1999999999999975,0.3341251414832462,0.0,0.0,0.3341251414832462
29,-1.0999999999999974,0.4337557063673159,0.0,0.0,0.4337557063673159
30,-0.9999999999999972,0.5267640078390433,0.0,0.0,0.5267640078390433
31,-0.8999999999999972,0.5987948757019933,0.0,0.0,0.5987948757019933
32,-0.7999999999999972,0.6480196520358648,0.0,0.0,0.6480196520358648
33,-0.6999999999999971,0.6793923599464308,0.0,0.0,0.6793923599464308
34,-0.599999999999997,0.6984330344673151,0.0,0.0,0.6984330344673151
35,-0.4999999999999969,0.7097616259733581,0.0,0.0,0.7097616259733581
36,-0.3999999999999968,0.7173756504945241,0.0,0.0,0.7173756504945241
37,-0.2999999999999967,0.7249332968850114,0.0,0.0,0.7249332968850114
38,-0.1999999999999966,0.7359603996118074,0.0,0.0,0.7359603996118074
39,-0.0999999999999965,0.753975292064681,0.0,0.0,0.753975292064681
40,3.552713678800501e-15,0.7820813185539746,0.0,0.0,0.7820813185539746
41,0.1000000000000032,0.8211357894824755,0.0,0.0,0.8211357894824755
42,0.2000000000000037,0.8664828653153247,0.0,0.0,0.8664828653153247
43,0.3000000000000042,0.9077818090498052,0.0,0.0,0.9077818090498052
44,0.4000000000000039,0.9369234188606258,0.0,0.0,0.9369234188606258
45,0.5000000000000036,0.9541368324353856,0.0,0.0,0.9541368324353856
46,0.6000000000000041,0.9639702721820148,0.0,0.0,0.9639702721820148
47,0.7000000000000046,0.9704956137246772,0.0,0.0,0.9704956137246772
48,0.8000000000000043,0.9761300833765982,0.0,0.0,0.9761300833765982
49,0.9000000000000039,0.9818362640179156,0.0,0.0,0.9818362640179156
50,1.0000000000000044,0.9875592626625952,0.0,0.0,0.9875592626625952
51,1.100000000000005,0.9927213853292468,0.0,0.0,0.9927213853292468
52,1.2000000000000046,0.9966832736914772,0.0,0.0,0.9966832736914772
53,1.3000000000000045,0.999083119579512,0.0,0.0,0.999083119579512
54,1.4000000000000048,0.9999863185114376,0.0,0.0,0.9999863185114376
55,1.500000000000005,0.9998127599933754,0.0,0.0,0.9998127599933754
56,1.600000000000005,0.9991017664259156,0.0,0.0,0.9991017664259156
57,1.7000000000000046,0.998272345336246,0.0,0.0,0.998272345336246
58,1.8000000000000052,0.997513083906576,0.0,0.0,0.997513083906576
59,1.9000000000000057,0.9968113186774546,0.0,0.0,0.9968113186774546
60,2.0000000000000053,0.9960450021867576,0.0,0.0,0.9960450021867576
61,2.100000000000005,0.9950663673154392,0.0,0.0,0.9950663673154392
62,2.200000000000005,0.9937506943507476,0.0,0.0,0.9937506943507476
63,2.300000000000006,0.992014529712142,0.0,0.0,0.992014529712142
64,2.4000000000000057,0.9898165062242862,0.0,0.0,0.9898165062242862
65,2.5000000000000053,0.9871511805011294,0.0,0.0,0.9871511805011294
66,2.600000000000006,0.9840413846452254,0.0,0.0,0.9840413846452254
67,2.7000000000000064,0.9805311275778384,0.0,0.0,0.9805311275778384
68,2.800000000000006,0.9766794129063328,0.0,0.0,0.9766794129063328
69,2.9000000000000057,0.9725548198681404,0.0,0.0,0.9725548198681404
70,3.000000000000006,0.9682306936149524,0.0,0.0,0.9682306936149524
71,3.1000000000000068,0.9637809279706068,0.0,0.0,0.9637809279706068
72,3.2000000000000064,0.959276424178446,0.0,0.0,0.959276424178446
73,3.300000000000006,0.9547823277950086,0.0,0.0,0.9547823277950086
74,3.4000000000000066,0.9503560998377808,0.0,0.0,0.9503560998377808
75,3.500000000000007,0.9460464038069738,0.0,0.0,0.9460464038069738
76,3.6000000000000068,0.9418927192764668,0.0,0.0,0.9418927192764668
77,3.7000000000000064,0.9379255441602729,0.0,0.0,0.9379255441602729
78,3.800000000000007,0.9341670270660092,0.0,0.0,0.9341670270660092
79,3.900000000000008,0.9306318748285424,0.0,0.0,0.9306318748285424
80,-4.0,0.9999999999999988,1.0,0.0,0.9999999999999988
81,-3.9,0.9967903152355266,1.0,0.0,0.9967903152355266
82,-3.8,0.993147976596982,1.0,0.0,0.993147976596982
83,-3.7,0.9890120323952344,1.0,0.0,0.9890120323952344
84,-3.6,0.9843121734186834,1.0,0.0,0.9843121734186834
85,-3.5,0.9789670884085536,1.0,0.0,0.9789670884085536
86,-3.3999999999999995,0.9728824914042196,1.0,0.0,0.9728824914042196
87,-3.2999999999999994,0.9659487556654828,1.0,0.0,0.9659487556654828
88,-3.1999999999999997,0.9580380823578396,1.0,0.0,0.9580380823578396
89,-3.099999999999999,0.9490011327784014,1.0,0.0,0.9490011327784014
90,-2.999999999999999,0.9386630703048232,1.0,0.0,0.9386630703048232
91,-2.899999999999999,0.9268190112362936,1.0,0.0,0.9268190112362936
92,-2.799999999999999,0.9132290072164834,1.0,0.0,0.9132290072164834
93,-2.699999999999999,0.8976129385539765,1.0,0.0,0.8976129385539765
94,-2.5999999999999988,0.879646194172079,1.0,0.0,0.879646194172079
95,-2.4999999999999987,0.8589579196116196,1.0,0.0,0.8589579196116196
96,-2.3999999999999986,0.8351351678520397,1.0,0.0,0.8351351678520397
97,-2.2999999999999985,0.807738743551373,1.0,0.0,0.807738743551373
98,-2.1999999999999984,0.7763399379318494,1.0,0.0,0.7763399379318494
99,-2.0999999999999983,0.7405909464647707,1.0,0.0,0.7405909464647707
100,-1.9999999999999984,0.7003427668140649,1.0,0.0,0.7003427668140649
101,-1.899999999999998,0.6558165524517464,1.0,0.0,0.6558165524517464
102,-1.799999999999998,0.6078089529538226,1.0,0.0,0.6078089529538226
103,-1.699999999999998,0.557867209459531,1.0,0.0,0.557867209459531
104,-1.599999999999998,0.5083321561249394,1.0,0.0,0.5083321561249394
105,-1.4999999999999978,0.4621643759531075,1.0,0.0,0.4621643759531075
106,-1.3999999999999977,0.4224329226782315,1.0,0.0,0.4224329226782315
107,-1.2999999999999976,0.3906258076903003,1.0,0.0,0.3906258076903003
108,-1.1999999999999975,0.3620287010479205,1.0,0.0,0.3620287010479205
109,-1.0999999999999974,0.326469084822534,1.0,0.0,0.326469084822534
110,-0.9999999999999972,0.2909523081792932,1.0,0.0,0.2909523081792932
111,-0.8999999999999972,0.2618936757450901,1.0,0.0,0.2618936757450901
112,-0.7999999999999972,0.217278532797282,1.0,0.0,0.217278532797282
113,-0.6999999999999971,0.1612067604439492,1.0,0.0,0.1612067604439492
114,-0.599999999999997,0.1277864468137139,1.0,0.0,0.1277864468137139
115,-0.4999999999999969,0.1316346009980776,1.0,0.0,0.1316346009980776
116,-0.3999999999999968,0.1673935339332949,1.0,0.0,0.1673935339332949
117,-0.2999999999999967,0.2251679446160291,1.0,0.0,0.2251679446160291
118,-0.1999999999999966,0.2922474867259986,1.0,0.0,0.2922474867259986
119,-0.0999999999999965,0.3525918224018056,1.0,0.0,0.3525918224018056
120,3.552713678800501e-15,0.3910086017730053,1.0,0.0,0.3910086017730053
121,0.1000000000000032,0.3980470915986455,1.0,0.0,0.3980470915986455
122,0.2000000000000037,0.371325669706359,1.0,0.0,0.371325669706359
123,0.3000000000000042,0.3162071869217659,1.0,0.0,0.3162071869217659
124,0.4000000000000039,0.2467608701190361,1.0,0.0,0.2467608701190361
125,0.5000000000000036,0.181038924887193,1.0,0.0,0.181038924887193
126,0.6000000000000041,0.1310613557010149,1.0,0.0,0.1310613557010149
127,0.7000000000000046,0.0982737661938765,1.0,0.0,0.0982737661938765
128,0.8000000000000043,0.0777195289974838,1.0,0.0,0.0777195289974838
129,0.9000000000000039,0.0637716960082352,1.0,0.0,0.0637716960082352
130,1.0000000000000044,0.0528134956282362,1.0,0.0,0.0528134956282362
131,1.100000000000005,0.0433011593459847,1.0,0.0,0.0433011593459847
132,1.2000000000000046,0.0348783778028779,1.0,0.0,0.0348783778028779
133,1.3000000000000045,0.0275911663221526,1.0,0.0,0.0275911663221526
134,1.4000000000000048,0.0214914907175639,1.0,0.0,0.0214914907175639
135,1.500000000000005,0.0165305577039785,1.0,0.0,0.0165305577039785
136,1.600000000000005,0.0125793393821396,1.0,0.0,0.0125793393821396
137,1.7000000000000046,0.0094753476088507,1.0,0.0,0.0094753476088507
138,1.8000000000000052,0.0070576155950269,1.0,0.0,0.0070576155950269
139,1.9000000000000057,0.0051845771718496,1.0,0.0,0.0051845771718496
140,2.0000000000000053,0.0037398322898785,1.0,0.0,0.0037398322898785
141,2.100000000000005,0.0026313973647372,1.0,0.0,0.0026313973647372
142,2.200000000000005,0.0017882135520586,1.0,0.0,0.0017882135520586
143,2.300000000000006,0.001155982616353,1.0,0.0,0.001155982616353
144,2.4000000000000057,0.0006932981857565,1.0,0.0,0.0006932981857565
145,2.5000000000000053,0.0003684285625732,1.0,0.0,0.0003684285625732
146,2.600000000000006,0.0001568036783359,1.0,0.0,0.0001568036783359
147,2.7000000000000064,3.912803275197536e-05,1.0,0.0,3.912803275197536e-05
148,2.800000000000006,0.0,1.0,0.0,0.0
149,2.9000000000000057,2.6918341110882666e-05,1.0,0.0,2.6918341110882666e-05
150,3.000000000000006,0.0001095739266383,1.0,0.0,0.0001095739266383
151,3.1000000000000068,0.0002393460569004,1.0,0.0,0.0002393460569004
152,3.2000000000000064,0.0004089427809673,1.0,0.0,0.0004089427809673
153,3.300000000000006,0.0006121412283275,1.0,0.0,0.0006121412283275
154,3.4000000000000066,0.0008435968518876,1.0,0.0,0.0008435968518876
155,3.500000000000007,0.0010987000368498,1.0,0.0,0.0010987000368498
156,3.6000000000000068,0.0013734653898831,1.0,0.0,0.0013734653898831
157,3.7000000000000064,0.0016644438237756,1.0,0.0,0.0016644438237756
158,3.800000000000007,0.0019686508428712,1.0,0.0,0.0019686508428712
159,3.900000000000008,0.0022835066494618,1.0,0.0,0.0022835066494618
160,-4.0,0.9999999999999984,2.0,0.0,0.9999999999999984
161,-3.9,0.9925766075073148,2.0,0.0,0.9925766075073148
162,-3.8,0.9846884183438858,2.0,0.0,0.9846884183438858
163,-3.7,0.9762919509374962,2.0,0.0,0.9762919509374962
164,-3.6,0.9673385696337704,2.0,0.0,0.9673385696337704
165,-3.5,0.9577740727871816,2.0,0.0,0.9577740727871816
166,-3.3999999999999995,0.9475384285227278,2.0,0.0,0.9475384285227278
167,-3.2999999999999994,0.9365657708982262,2.0,0.0,0.9365657708982262
168,-3.1999999999999997,0.924784809929482,2.0,0.0,0.924784809929482
169,-3.099999999999999,0.9121198544681745,2.0,0.0,0.9121198544681745
170,-2.999999999999999,0.89849269114073,2.0,0.0,0.89849269114073
171,-2.899999999999999,0.8838255932787884,2.0,0.0,0.8838255932787884
172,-2.799999999999999,0.8680457303285046,2.0,0.0,0.8680457303285046
173,-2.699999999999999,0.851091180430812,2.0,0.0,0.851091180430812
174,-2.5999999999999988,0.8329185804473238,2.0,0.0,0.8329185804473238
175,-2.4999999999999987,0.8135121491048395,2.0,0.0,0.8135121491048395
176,-2.3999999999999986,0.792893394507905,2.0,0.0,0.792893394507905
177,-2.2999999999999985,0.7711303466803678,2.0,0.0,0.7711303466803678
178,-2.1999999999999984,0.7483448336982641,2.0,0.0,0.7483448336982641
179,-2.0999999999999983,0.7247164528848716,2.0,0.0,0.7247164528848716
180,-1.9999999999999984,0.7004827891945709,2.0,0.0,0.7004827891945709
181,-1.899999999999998,0.6759371789859001,2.0,0.0,0.6759371789859001
182,-1.799999999999998,0.6514274461098837,2.0,0.0,0.6514274461098837
183,-1.699999999999998,0.6273603909734848,2.0,0.0,0.6273603909734848
184,-1.599999999999998,0.6042157790394443,2.0,0.0,0.6042157790394443
185,-1.4999999999999978,0.5825687222344205,2.0,0.0,0.5825687222344205
186,-1.3999999999999977,0.5631100775969405,2.0,0.0,0.5631100775969405
187,-1.2999999999999976,0.5466412901183746,2.0,0.0,0.5466412901183746
188,-1.1999999999999975,0.5340048780531607,2.0,0.0,0.5340048780531607
189,-1.0999999999999974,0.5259003746049359,2.0,0.0,0.5259003746049359
190,-0.9999999999999972,0.5225452060165456,2.0,0.0,0.5225452060165456
191,-0.8999999999999972,0.5232058751915397,2.0,0.0,0.5232058751915397
192,-0.7999999999999972,0.5257762445564973,2.0,0.0,0.5257762445564973
193,-0.6999999999999971,0.526749259243126,2.0,0.0,0.526749259243126
194,-0.599999999999997,0.5218838325267998,2.0,0.0,0.5218838325267998
195,-0.4999999999999969,0.5074391236166901,2.0,0.0,0.5074391236166901
196,-0.3999999999999968,0.4813333619185546,2.0,0.0,0.4813333619185546
197,-0.2999999999999967,0.4435326454516853,2.0,0.0,0.4435326454516853
198,-0.1999999999999966,0.3954532265443062,2.0,0.0,0.3954532265443062
199,-0.0999999999999965,0.3388183183882011,2.0,0.0,0.3388183183882011
200,3.552713678800501e-15,0.2749510915121498,2.0,0.0,0.2749510915121498
201,0.1000000000000032,0.2054450078401645,2.0,0.0,0.2054450078401645
202,0.2000000000000037,0.1341418195488614,2.0,0.0,0.1341418195488614
203,0.3000000000000042,0.0688619025694654,2.0,0.0,0.0688619025694654
204,0.4000000000000039,0.0204426687158087,2.0,0.0,0.0204426687158087
205,0.5000000000000036,-7.095959110823973e-16,2.0,0.0,-7.095959110823973e-16
206,0.6000000000000041,0.0228877875585531,2.0,0.0,0.0228877875585531
207,0.7000000000000046,0.1027974609121829,2.0,0.0,0.1027974609121829
208,0.8000000000000043,0.1959589559389297,2.0,0.0,0.1959589559389297
209,0.9000000000000039,0.2519948764481833,2.0,0.0,0.2519948764481833
210,1.0000000000000044,0.2780526170901302,2.0,0.0,0.2780526170901302
211,1.100000000000005,0.2917102553015047,2.0,0.0,0.2917102553015047
212,1.2000000000000046,0.3026542964498161,2.0,0.0,0.3026542964498161
213,1.3000000000000045,0.3150264485241404,2.0,0.0,0.3150264485241404
214,1.4000000000000048,0.3302484921826937,2.0,0.0,0.3302484921826937
215,1.500000000000005,0.3484950458692816,2.0,0.0,0.3484950458692816
216,1.600000000000005,0.3693976192710264,2.0,0.0,0.3693976192710264
217,1.7000000000000046,0.3923670417362873,2.0,0.0,0.3923670417362873
218,1.8000000000000052,0.4167376305867235,2.0,0.0,0.4167376305867235
219,1.9000000000000057,0.4418364888170368,2.0,0.0,0.4418364888170368
220,2.0000000000000053,0.4670243557029968,2.0,0.0,0.4670243557029968
221,2.100000000000005,0.4917248228631813,2.0,0.0,0.4917248228631813
222,2.200000000000005,0.5154458310473753,2.0,0.0,0.5154458310473753
223,2.300000000000006,0.5377932307380632,2.0,0.0,0.5377932307380632
224,2.4000000000000057,0.5584759311822786,2.0,0.0,0.5584759311822786
225,2.5000000000000053,0.5773031685081024,2.0,0.0,0.5773031685081024
226,2.600000000000006,0.5941754517519975,2.0,0.0,0.5941754517519975
227,2.7000000000000064,0.6090713164493031,2.0,0.0,0.6090713164493031
228,2.800000000000006,0.6220320643804224,2.0,0.0,0.6220320643804224
229,2.9000000000000057,0.6331463321314486,2.0,0.0,0.6331463321314486
230,3.000000000000006,0.6425358071251865,2.0,0.0,0.6425358071251865
231,3.1000000000000068,0.6503428676185647,2.0,0.0,0.6503428676185647
232,3.2000000000000064,0.6567204688195454,2.0,0.0,0.6567204688195454
233,3.300000000000006,0.6618242728152707,2.0,0.0,0.6618242728152707
234,3.4000000000000066,0.6658068225010779,2.0,0.0,0.6658068225010779
235,3.500000000000007,0.6688134634393291,2.0,0.0,0.6688134634393291
236,3.6000000000000068,0.6709796909602955,2.0,0.0,0.6709796909602955
237,3.7000000000000064,0.6724296148989419,2.0,0.0,0.6724296148989419
238,3.800000000000007,0.6732752704225976,2.0,0.0,0.6732752704225976
239,3.900000000000008,0.6736165469734762,2.0,0.0,0.6736165469734762
240,-4.0,0.9999999999999992,3.0,0.0,0.9999999999999992
241,-3.9,0.9927022411901054,3.0,0.0,0.9927022411901054
242,-3.8,0.984368713154543,3.0,0.0,0.984368713154543
243,-3.7,0.9748460624157108,3.0,0.0,0.9748460624157108
244,-3.6,0.9639550940794346,3.0,0.0,0.9639550940794346
245,-3.5,0.951486350855078,3.0,0.0,0.951486350855078
246,-3.3999999999999995,0.9371952772153126,3.0,0.0,0.9371952772153126
247,-3.2999999999999994,0.9207971988868622,3.0,0.0,0.9207971988868622
248,-3.1999999999999997,0.9019625799615828,3.0,0.0,0.9019625799615828
249,-3.099999999999999,0.8803134019038203,3.0,0.0,0.8803134019038203
250,-2.999999999999999,0.8554221176423211,3.0,0.0,0.8554221176423211
251,-2.899999999999999,0.826815565541143,3.0,0.0,0.826815565541143
252,-2.799999999999999,0.7939875703020728,3.0,0.0,0.7939875703020728
253,-2.699999999999999,0.7564257105786849,3.0,0.0,0.7564257105786849
254,-2.5999999999999988,0.7136596222563022,3.0,0.0,0.7136596222563022
255,-2.4999999999999987,0.6653393349964118,3.0,0.0,0.6653393349964118
256,-2.3999999999999986,0.6113504904388164,3.0,0.0,0.6113504904388164
257,-2.2999999999999985,0.5519653917015721,3.0,0.0,0.5519653917015721
258,-2.1999999999999984,0.4880105763686812,3.0,0.0,0.4880105763686812
259,-2.0999999999999983,0.4210019777586258,3.0,0.0,0.4210019777586258
260,-1.9999999999999984,0.3531674061958826,3.0,0.0,0.3531674061958826
261,-1.899999999999998,0.2872699272317293,3.0,0.0,0.2872699272317293
262,-1.799999999999998,0.2261994225809576,3.0,0.0,0.2261994225809576
263,-1.699999999999998,0.1724178598664583,3.0,0.0,0.1724178598664583
264,-1.599999999999998,0.1274614820712871,3.0,0.0,0.1274614820712871
265,-1.4999999999999978,0.0917137416241901,3.0,0.0,0.0917137416241901
266,-1.3999999999999977,0.0645285546020965,3.0,0.0,0.0645285546020965
267,-1.2999999999999976,0.0446007061836757,3.0,0.0,0.0446007061836757
268,-1.1999999999999975,0.0303884925992922,3.0,0.0,0.0303884925992922
269,-1.0999999999999974,0.0204343089853066,3.0,0.0,0.0204343089853066
270,-0.9999999999999972,0.0135313637281958,3.0,0.0,0.0135313637281958
271,-0.8999999999999972,0.0087642980010307,3.0,0.0,0.0087642980010307
272,-0.7999999999999972,0.0054786015052883,3.0,0.0,0.0054786015052883
273,-0.6999999999999971,0.0032247709841838,3.0,0.0,0.0032247709841838
274,-0.599999999999997,0.0017036102109432,3.0,0.0,0.0017036102109432
275,-0.4999999999999969,0.0007234258821557,3.0,0.0,0.0007234258821557
276,-0.3999999999999968,0.0001715357399844,3.0,0.0,0.0001715357399844
277,-0.2999999999999967,0.0,3.0,0.0,0.0
278,-0.1999999999999966,0.0002270547189893,3.0,0.0,0.0002270547189893
279,-0.0999999999999965,0.0009614403787451,3.0,0.0,0.0009614403787451
280,3.552713678800501e-15,0.0024700976190857,3.0,0.0,0.0024700976190857
281,0.1000000000000032,0.0053395884939979,3.0,0.0,0.0053395884939979
282,0.2000000000000037,0.0108386773962634,3.0,0.0,0.0108386773962634
283,0.3000000000000042,0.0216051761718773,3.0,0.0,0.0216051761718773
284,0.4000000000000039,0.0421712890923307,3.0,0.0,0.0421712890923307
285,0.5000000000000036,0.0766085720378603,3.0,0.0,0.0766085720378603
286,0.6000000000000041,0.1226514118326203,3.0,0.0,0.1226514118326203
287,0.7000000000000046,0.1729979373104798,3.0,0.0,0.1729979373104798
288,0.8000000000000043,0.2226660395432889,3.0,0.0,0.2226660395432889
289,0.9000000000000039,0.2688745400831001,3.0,0.0,0.2688745400831001
290,1.0000000000000044,0.3078497165398621,3.0,0.0,0.3078497165398621
291,1.100000000000005,0.3355864202751009,3.0,0.0,0.3355864202751009
292,1.2000000000000046,0.3506717262828955,3.0,0.0,0.3506717262828955
293,1.3000000000000045,0.3549168931778992,3.0,0.0,0.3549168931778992
294,1.4000000000000048,0.3516679665768323,3.0,0.0,0.3516679665768323
295,1.500000000000005,0.3440836847921761,3.0,0.0,0.3440836847921761
296,1.600000000000005,0.3344301409402253,3.0,0.0,0.3344301409402253
297,1.7000000000000046,0.3240976012030663,3.0,0.0,0.3240976012030663
298,1.8000000000000052,0.313849776557292,3.0,0.0,0.313849776557292
299,1.9000000000000057,0.3040604301229138,3.0,0.0,0.3040604301229138
300,2.0000000000000053,0.2948779481194671,3.0,0.0,0.2948779481194671
301,2.100000000000005,0.2863273404355984,3.0,0.0,0.2863273404355984
302,2.200000000000005,0.2783705948157797,3.0,0.0,0.2783705948157797
303,2.300000000000006,0.2709416338242275,3.0,0.0,0.2709416338242275
304,2.4000000000000057,0.2639661798301108,3.0,0.0,0.2639661798301108
305,2.5000000000000053,0.257372684295716,3.0,0.0,0.257372684295716
306,2.600000000000006,0.2510979473534961,3.0,0.0,0.2510979473534961
307,2.7000000000000064,0.2450895636194384,3.0,0.0,0.2450895636194384
308,2.800000000000006,0.2393064645192563,3.0,0.0,0.2393064645192563
309,2.9000000000000057,0.2337183308754231,3.0,0.0,0.2337183308754231
310,3.000000000000006,0.2283043658821405,3.0,0.0,0.2283043658821405
311,3.1000000000000068,0.223051752578693,3.0,0.0,0.223051752578693
312,3.2000000000000064,0.2179540160001239,3.0,0.0,0.2179540160001239
313,3.300000000000006,0.2130094385728906,3.0,0.0,0.2130094385728906
314,3.4000000000000066,0.2082196237443174,3.0,0.0,0.2082196237443174
315,3.500000000000007,0.203588261267666,3.0,0.0,0.203588261267666
316,3.6000000000000068,0.1991201157133815,3.0,0.0,0.1991201157133815
317,3.7000000000000064,0.1948202365786848,3.0,0.0,0.1948202365786848
318,3.800000000000007,0.1906933728667455,3.0,0.0,0.1906933728667455
319,3.900000000000008,0.1867435660153859,3.0,0.0,0.1867435660153859
320,-4.0,0.0012155333356571,4.0,0.0,0.0012155333356571
321,-3.9,0.0011732996414663,4.0,0.0,0.0011732996414663
322,-3.8,0.0011285757032855,4.0,0.0,0.0011285757032855
323,-3.7,0.0010812910991933,4.0,0.0,0.0010812910991933
324,-3.6,0.0010313858762986,4.0,0.0,0.0010313858762986
325,-3.5,0.0009788147443998,4.0,0.0,0.0009788147443998
326,-3.3999999999999995,0.0009235527283347,4.0,0.0,0.0009235527283347
327,-3.2999999999999994,0.0008656028513409,4.0,0.0,0.0008656028513409
328,-3.1999999999999997,0.0008050066091002,4.0,0.0,0.0008050066091002
329,-3.099999999999999,0.0007418581867876,4.0,0.0,0.0007418581867876
330,-2.999999999999999,0.0006763235142575,4.0,0.0,0.0006763235142575
331,-2.899999999999999,0.0006086652469796,4.0,0.0,0.0006086652469796
332,-2.799999999999999,0.0005392744474216,4.0,0.0,0.0005392744474216
333,-2.699999999999999,0.0004687089239669,4.0,0.0,0.0004687089239669
334,-2.5999999999999988,0.0003977366709936,4.0,0.0,0.0003977366709936
335,-2.4999999999999987,0.0003273805789135,4.0,0.0,0.0003273805789135
336,-2.3999999999999986,0.0002589577895669,4.0,0.0,0.0002589577895669
337,-2.2999999999999985,0.0001941044948183,4.0,0.0,0.0001941044948183
338,-2.1999999999999984,0.000134775856599,4.0,0.0,0.000134775856599
339,-2.0999999999999983,8.321242846181604e-05,4.0,0.0,8.321242846181604e-05
340,-1.9999999999999984,4.186957966465888e-05,4.0,0.0,4.186957966465888e-05
341,-1.899999999999998,1.331380934500142e-05,4.0,0.0,1.331380934500142e-05
342,-1.799999999999998,9.658733863542659e-08,4.0,0.0,9.658733863542659e-08
343,-1.699999999999998,4.619945413004479e-06,4.0,0.0,4.619945413004479e-06
344,-1.599999999999998,2.9010182017538244e-05,4.0,0.0,2.9010182017538244e-05
345,-1.4999999999999978,7.50253157110682e-05,4.0,0.0,7.50253157110682e-05
346,-1.3999999999999977,0.0001440517804161,4.0,0.0,0.0001440517804161
347,-1.2999999999999976,0.0002373093630778,4.0,0.0,0.0002373093630778
348,-1.1999999999999975,0.0003564936231597,4.0,0.0,0.0003564936231597
349,-1.0999999999999974,0.0005052740952751,4.0,0.0,0.0005052740952751
350,-0.9999999999999972,0.0006924392402381,4.0,0.0,0.0006924392402381
351,-0.8999999999999972,0.0009383507774529,4.0,0.0,0.0009383507774529
352,-0.7999999999999972,0.0012887003425039,4.0,0.0,0.0012887003425039
353,-0.6999999999999971,0.0018465530199127,4.0,0.0,0.0018465530199127
354,-0.599999999999997,0.0028573003303149,4.0,0.0,0.0028573003303149
355,-0.4999999999999969,0.0049716815945584,4.0,0.0,0.0049716815945584
356,-0.3999999999999968,0.0101969100506845,4.0,0.0,0.0101969100506845
357,-0.2999999999999967,0.0256341621948831,4.0,0.0,0.0256341621948831
358,-0.1999999999999966,0.07541862836558,4.0,0.0,0.07541862836558
359,-0.0999999999999965,0.2122634238152271,4.0,0.0,0.2122634238152271
360,3.552713678800501e-15,0.4735178418653645,4.0,0.0,0.4735178418653645
361,0.1000000000000032,0.7447497190359681,4.0,0.0,0.7447497190359681
362,0.2000000000000037,0.8753146473928304,4.0,0.0,0.8753146473928304
363,0.3000000000000042,0.9188915314805408,4.0,0.0,0.9188915314805408
364,0.4000000000000039,0.9336615400051648,4.0,0.0,0.9336615400051648
365,0.5000000000000036,0.9400211730046846,4.0,0.0,0.9400211730046846
366,0.6000000000000041,0.944689645743634,4.0,0.0,0.944689645743634
367,0.7000000000000046,0.9496317956503764,4.0,0.0,0.9496317956503764
368,0.8000000000000043,0.9549800686223028,4.0,0.0,0.9549800686223028
369,0.9000000000000039,0.9603721131711048,4.0,0.0,0.9603721131711048
370,1.0000000000000044,0.9655189161875756,4.0,0.0,0.9655189161875756
371,1.100000000000005,0.9703106357749004,4.0,0.0,0.9703106357749004
372,1.2000000000000046,0.9747475236949268,4.0,0.0,0.9747475236949268
373,1.3000000000000045,0.978857889142563,4.0,0.0,0.978857889142563
374,1.4000000000000048,0.9826467047670282,4.0,0.0,0.9826467047670282
375,1.500000000000005,0.9860782778005592,4.0,0.0,0.9860782778005592
376,1.600000000000005,0.989091107262422,4.0,0.0,0.989091107262422
377,1.7000000000000046,0.9916327500659072,4.0,0.0,0.9916327500659072
378,1.8000000000000052,0.9936903260754556,4.0,0.0,0.9936903260754556
379,1.9000000000000057,0.995297696798928,4.0,0.0,0.995297696798928
380,2.0000000000000053,0.9965208883163276,4.0,0.0,0.9965208883163276
381,2.100000000000005,0.9974367678361168,4.0,0.0,0.9974367678361168
382,2.200000000000005,0.9981171566399204,4.0,0.0,0.9981171566399204
383,2.300000000000006,0.9986214928758904,4.0,0.0,0.9986214928758904
384,2.4000000000000057,0.9989956650023044,4.0,0.0,0.9989956650023044
385,2.5000000000000053,0.9992737845334306,4.0,0.0,0.9992737845334306
386,2.600000000000006,0.9994807607435284,4.0,0.0,0.9994807607435284
387,2.7000000000000064,0.999634689000298,4.0,0.0,0.999634689000298
388,2.800000000000006,0.999748747916502,4.0,0.0,0.999748747916502
389,2.9000000000000057,0.9998326024079452,4.0,0.0,0.9998326024079452
390,3.000000000000006,0.9998934064608668,4.0,0.0,0.9998934064608668
391,3.1000000000000068,0.999936509557916,4.0,0.0,0.999936509557916
392,3.2000000000000064,0.9999659528259104,4.0,0.0,0.9999659528259104
393,3.300000000000006,0.9999848187843132,4.0,0.0,0.9999848187843132
394,3.4000000000000066,0.9999954797848551,4.0,0.0,0.9999954797848551
395,3.500000000000007,0.999999776237472,4.0,0.0,0.999999776237472
396,3.6000000000000068,0.999999145875924,4.0,0.0,0.999999145875924
397,3.7000000000000064,0.9999947185812372,4.0,0.0,0.9999947185812372
398,3.800000000000007,0.9999873867246548,4.0,0.0,0.9999873867246548
399,3.900000000000008,0.9999778579171512,4.0,0.0,0.9999778579171512
400,-4.0,0.9887333901368288,5.0,0.0,0.9887333901368288
401,-3.9,0.9896533243473552,5.0,0.0,0.9896533243473552
402,-3.8,0.9905551698735728,5.0,0.0,0.9905551698735728
403,-3.7,0.9914348699156994,5.0,0.0,0.9914348699156994
404,-3.6,0.9922885907525484,5.0,0.0,0.9922885907525484
405,-3.5,0.9931127489170796,5.0,0.0,0.9931127489170796
406,-3.3999999999999995,0.9939040253340796,5.0,0.0,0.9939040253340796
407,-3.2999999999999994,0.9946593649746994,5.0,0.0,0.9946593649746994
408,-3.1999999999999997,0.9953759609095216,5.0,0.0,0.9953759609095216
409,-3.099999999999999,0.9960512219756262,5.0,0.0,0.9960512219756262
410,-2.999999999999999,0.9966827236132512,5.0,0.0,0.9966827236132512
411,-2.899999999999999,0.997268141793954,5.0,0.0,0.997268141793954
412,-2.799999999999999,0.9978051703986522,5.0,0.0,0.9978051703986522
413,-2.699999999999999,0.9982914229736182,5.0,0.0,0.9982914229736182
414,-2.5999999999999988,0.9987243205501316,5.0,0.0,0.9987243205501316
415,-2.4999999999999987,0.9991009681321806,5.0,0.0,0.9991009681321806
416,-2.3999999999999986,0.9994180232701384,5.0,0.0,0.9994180232701384
417,-2.2999999999999985,0.9996715600546624,5.0,0.0,0.9996715600546624
418,-2.1999999999999984,0.9998569291394408,5.0,0.0,0.9998569291394408
419,-2.0999999999999983,0.9999686058974376,5.0,0.0,0.9999686058974376
420,-1.9999999999999984,0.9999999999999954,5.0,0.0,0.9999999999999954
421,-1.899999999999998,0.9999431659377764,5.0,0.0,0.9999431659377764
422,-1.799999999999998,0.9997883038098588,5.0,0.0,0.9997883038098588
423,-1.699999999999998,0.9995228786184626,5.0,0.0,0.9995228786184626
424,-1.599999999999998,0.999130124781718,5.0,0.0,0.999130124781718
425,-1.4999999999999978,0.9985866395449752,5.0,0.0,0.9985866395449752
426,-1.3999999999999977,0.9978586680579548,5.0,0.0,0.9978586680579548
427,-1.2999999999999976,0.9968964840015778,5.0,0.0,0.9968964840015778
428,-1.1999999999999975,0.9956259790042032,5.0,0.0,0.9956259790042032
429,-1.0999999999999974,0.9939363738412852,5.0,0.0,0.9939363738412852
430,-0.9999999999999972,0.9916632006098912,5.0,0.0,0.9916632006098912
431,-0.8999999999999972,0.9885668042723076,5.0,0.0,0.9885668042723076
432,-0.7999999999999972,0.9843091592055028,5.0,0.0,0.9843091592055028
433,-0.6999999999999971,0.9784361794125848,5.0,0.0,0.9784361794125848
434,-0.599999999999997,0.9703757165000436,5.0,0.0,0.9703757165000436
435,-0.4999999999999969,0.9594473027152952,5.0,0.0,0.9594473027152952
436,-0.3999999999999968,0.9448149928905564,5.0,0.0,0.9448149928905564
437,-0.2999999999999967,0.9251860288401328,5.0,0.0,0.9251860288401328
438,-0.1999999999999966,0.8979715155845592,5.0,0.0,0.8979715155845592
439,-0.0999999999999965,0.8578561391633621,5.0,0.0,0.8578561391633621
440,3.552713678800501e-15,0.7958755007340294,5.0,0.0,0.7958755007340294
441,0.1000000000000032,0.7034281042003998,5.0,0.0,0.7034281042003998
442,0.2000000000000037,0.5861088424503438,5.0,0.0,0.5861088424503438
443,0.3000000000000042,0.4705306048996756,5.0,0.0,0.4705306048996756
444,0.4000000000000039,0.3814801209748475,5.0,0.0,0.3814801209748475
445,0.5000000000000036,0.3245697159059757,5.0,0.0,0.3245697159059757
446,0.6000000000000041,0.2951393803390971,5.0,0.0,0.2951393803390971
447,0.7000000000000046,0.2869175367813449,5.0,0.0,0.2869175367813449
448,0.8000000000000043,0.2924524509910784,5.0,0.0,0.2924524509910784
449,0.9000000000000039,0.302535015125642,5.0,0.0,0.302535015125642
450,1.0000000000000044,0.3083950424380132,5.0,0.0,0.3083950424380132
451,1.100000000000005,0.3046687262097921,5.0,0.0,0.3046687262097921
452,1.2000000000000046,0.2901508167959082,5.0,0.0,0.2901508167959082
453,1.3000000000000045,0.266584026083474,5.0,0.0,0.266584026083474
454,1.4000000000000048,0.2371144648950716,5.0,0.0,0.2371144648950716
455,1.500000000000005,0.2051230536312062,5.0,0.0,0.2051230536312062
456,1.600000000000005,0.1734770867385929,5.0,0.0,0.1734770867385929
457,1.7000000000000046,0.1441670285795147,5.0,0.0,0.1441670285795147
458,1.8000000000000052,0.1182762889095148,5.0,0.0,0.1182762889095148
459,1.9000000000000057,0.0961636795032879,5.0,0.0,0.0961636795032879
460,2.0000000000000053,0.077715459698626,5.0,0.0,0.077715459698626
461,2.100000000000005,0.0625677451529453,5.0,0.0,0.0625677451529453
462,2.200000000000005,0.0502615065212841,5.0,0.0,0.0502615065212841
463,2.300000000000006,0.0403331924183497,5.0,0.0,0.0403331924183497
464,2.4000000000000057,0.0323591995024063,5.0,0.0,0.0323591995024063
465,2.5000000000000053,0.0259724744428761,5.0,0.0,0.0259724744428761
466,2.600000000000006,0.0208644326994095,5.0,0.0,0.0208644326994095
467,2.7000000000000064,0.0167802087769165,5.0,0.0,0.0167802087769165
468,2.800000000000006,0.0135115608762585,5.0,0.0,0.0135115608762585
469,2.9000000000000057,0.0108895207595691,5.0,0.0,0.0108895207595691
470,3.000000000000006,0.0087776694813832,5.0,0.0,0.0087776694813832
471,3.1000000000000068,0.0070663207177573,5.0,0.0,0.0070663207177573
472,3.2000000000000064,0.0056676251174129,5.0,0.0,0.0056676251174129
473,3.300000000000006,0.0045115055986544,5.0,0.0,0.0045115055986544
474,3.4000000000000066,0.0035423055858307,5.0,0.0,0.0035423055858307
475,3.500000000000007,0.0027160353055801,5.0,0.0,0.0027160353055801
476,3.6000000000000068,0.0019981148836768,5.0,0.0,0.0019981148836768
477,3.7000000000000064,0.0013615284613578,5.0,0.0,0.0013615284613578
478,3.800000000000007,0.0007853177583321,5.0,0.0,0.0007853177583321
479,3.900000000000008,0.0002533556438144,5.0,0.0,0.0002533556438144
480,-4.0,0.8597119186034367,6.0,0.0,0.8597119186034367
481,-3.9,0.8666167299068274,6.0,0.0,0.8666167299068274
482,-3.8,0.8733882443551275,6.0,0.0,0.8733882443551275
483,-3.7,0.8800305389884729,6.0,0.0,0.8800305389884729
484,-3.6,0.8865435835046892,6.0,0.0,0.8865435835046892
485,-3.5,0.892922205004686,6.0,0.0,0.892922205004686
486,-3.3999999999999995,0.899154948289214,6.0,0.0,0.899154948289214
487,-3.2999999999999994,0.905222913483274,6.0,0.0,0.905222913483274
488,-3.1999999999999997,0.9110987145935848,6.0,0.0,0.9110987145935848
489,-3.099999999999999,0.916745785008698,6.0,0.0,0.916745785008698
490,-2.999999999999999,0.922118358337884,6.0,0.0,0.922118358337884
491,-2.899999999999999,0.9271625710239968,6.0,0.0,0.9271625710239968
492,-2.799999999999999,0.9318192590649236,6.0,0.0,0.9318192590649236
493,-2.699999999999999,0.936029144989684,6.0,0.0,0.936029144989684
494,-2.5999999999999988,0.9397412165674072,6.0,0.0,0.9397412165674072
495,-2.4999999999999987,0.9429251308402647,6.0,0.0,0.9429251308402647
496,-2.3999999999999986,0.9455882440647116,6.0,0.0,0.9455882440647116
497,-2.2999999999999985,0.9477968647157976,6.0,0.0,0.9477968647157976
498,-2.1999999999999984,0.9496986545227906,6.0,0.0,0.9496986545227906
499,-2.0999999999999983,0.9515380459559049,6.0,0.0,0.9515380459559049
500,-1.9999999999999984,0.9536504466036712,6.0,0.0,0.9536504466036712
501,-1.899999999999998,0.9564194813219754,6.0,0.0,0.9564194813219754
502,-1.799999999999998,0.9601925760092272,6.0,0.0,0.9601925760092272
503,-1.699999999999998,0.9651742194971352,6.0,0.0,0.9651742194971352
504,-1.599999999999998,0.9713366197810884,6.0,0.0,0.9713366197810884
505,-1.4999999999999978,0.9783809439832332,6.0,0.0,0.9783809439832332
506,-1.3999999999999977,0.985746283011928,6.0,0.0,0.985746283011928
507,-1.2999999999999976,0.9926227404141866,6.0,0.0,0.9926227404141866
508,-1.1999999999999975,0.9979030842562884,6.0,0.0,0.9979030842562884
509,-1.0999999999999974,0.999999999999998,6.0,0.0,0.999999999999998
510,-0.9999999999999972,0.9964381125312904,6.0,0.0,0.9964381125312904
511,-0.8999999999999972,0.9830863883575732,6.0,0.0,0.9830863883575732
512,-0.7999999999999972,0.9528992975894652,6.0,0.0,0.9528992975894652
513,-0.6999999999999971,0.8945294932272618,6.0,0.0,0.8945294932272618
514,-0.599999999999997,0.7934668846106079,6.0,0.0,0.7934668846106079
515,-0.4999999999999969,0.6421628621894735,6.0,0.0,0.6421628621894735
516,-0.3999999999999968,0.4579546516795286,6.0,0.0,0.4579546516795286
517,-0.2999999999999967,0.281508742518866,6.0,0.0,0.281508742518866
518,-0.1999999999999966,0.1460456872943537,6.0,0.0,0.1460456872943537
519,-0.0999999999999965,0.059664029806949,6.0,0.0,0.059664029806949
520,3.552713678800501e-15,0.0146535216741077,6.0,0.0,0.0146535216741077
521,0.1000000000000032,-2.418757474599177e-16,6.0,0.0,-2.418757474599177e-16
522,0.2000000000000037,0.0063853849070141,6.0,0.0,0.0063853849070141
523,0.3000000000000042,0.0265746836732601,6.0,0.0,0.0265746836732601
524,0.4000000000000039,0.0547840288147342,6.0,0.0,0.0547840288147342
525,0.5000000000000036,0.0864036826713013,6.0,0.0,0.0864036826713013
526,0.6000000000000041,0.11805703729002,6.0,0.0,0.11805703729002
527,0.7000000000000046,0.1476158077395329,6.0,0.0,0.1476158077395329
528,0.8000000000000043,0.1740100430560371,6.0,0.0,0.1740100430560371
529,0.9000000000000039,0.1969188537245481,6.0,0.0,0.1969188537245481
530,1.0000000000000044,0.216474070195344,6.0,0.0,0.216474070195344
531,1.100000000000005,0.2330421811205806,6.0,0.0,0.2330421811205806
532,1.2000000000000046,0.2470885381184604,6.0,0.0,0.2470885381184604
533,1.3000000000000045,0.2591031435032227,6.0,0.0,0.2591031435032227
534,1.4000000000000048,0.2695651830169825,6.0,0.0,0.2695651830169825
535,1.500000000000005,0.2789286163511709,6.0,0.0,0.2789286163511709
536,1.600000000000005,0.2876168908480015,6.0,0.0,0.2876168908480015
537,1.7000000000000046,0.2960194924224497,6.0,0.0,0.2960194924224497
538,1.8000000000000052,0.3044865689564029,6.0,0.0,0.3044865689564029
539,1.9000000000000057,0.3133205264803904,6.0,0.0,0.3133205264803904
540,2.0000000000000053,0.3227654658909042,6.0,0.0,0.3227654658909042
541,2.100000000000005,0.3329965981670029,6.0,0.0,0.3329965981670029
542,2.200000000000005,0.344112280860087,6.0,0.0,0.344112280860087
543,2.300000000000006,0.3561310440864902,6.0,0.0,0.3561310440864902
544,2.4000000000000057,0.3689950471473546,6.0,0.0,0.3689950471473546
545,2.5000000000000053,0.3825801054883153,6.0,0.0,0.3825801054883153
546,2.600000000000006,0.3967111166977022,6.0,0.0,0.3967111166977022
547,2.7000000000000064,0.4111807370335815,6.0,0.0,0.4111807370335815
548,2.800000000000006,0.425768735693438,6.0,0.0,0.425768735693438
549,2.9000000000000057,0.4402596212715065,6.0,0.0,0.4402596212715065
550,3.000000000000006,0.4544567622724256,6.0,0.0,0.4544567622724256
551,3.1000000000000068,0.4681920780310287,6.0,0.0,0.4681920780310287
552,3.2000000000000064,0.4813312146115222,6.0,0.0,0.4813312146115222
553,3.300000000000006,0.4937747641178019,6.0,0.0,0.4937747641178019
554,3.4000000000000066,0.5054564563717532,6.0,0.0,0.5054564563717532
555,3.500000000000007,0.5163393605793322,6.0,0.0,0.5163393605793322
556,3.6000000000000068,0.5264110489880572,6.0,0.0,0.5264110489880572
557,3.7000000000000064,0.5356784797885451,6.0,0.0,0.5356784797885451
558,3.800000000000007,0.5441631272232929,6.0,0.0,0.5441631272232929
559,3.900000000000008,0.5518966739506268,6.0,0.0,0.5518966739506268
560,-4.0,0.0064086124401974,7.0,0.0,0.0064086124401974
561,-3.9,0.0062649611668505,7.0,0.0,0.0062649611668505
562,-3.8,0.0061159560875071,7.0,0.0,0.0061159560875071
563,-3.7,0.0059604695849729,7.0,0.0,0.0059604695849729
564,-3.6,0.0057972414589946,7.0,0.0,0.0057972414589946
565,-3.5,0.005624869153779,7.0,0.0,0.005624869153779
566,-3.3999999999999995,0.0054418007923385,7.0,0.0,0.0054418007923385
567,-3.2999999999999994,0.00524633329655,7.0,0.0,0.00524633329655
568,-3.1999999999999997,0.0050366189397616,7.0,0.0,0.0050366189397616
569,-3.099999999999999,0.0048106851412889,7.0,0.0,0.0048106851412889
570,-2.999999999999999,0.0045664742711324,7.0,0.0,0.0045664742711324
571,-2.899999999999999,0.0043019127886049,7.0,0.0,0.0043019127886049
572,-2.799999999999999,0.0040150222648394,7.0,0.0,0.0040150222648394
573,-2.699999999999999,0.0037040887490511,7.0,0.0,0.0037040887490511
574,-2.5999999999999988,0.0033679114395281,7.0,0.0,0.0033679114395281
575,-2.4999999999999987,0.003006156494454,7.0,0.0,0.003006156494454
576,-2.3999999999999986,0.0026198468090116,7.0,0.0,0.0026198468090116
577,-2.2999999999999985,0.0022120238046685,7.0,0.0,0.0022120238046685
578,-2.1999999999999984,0.0017886243709365,7.0,0.0,0.0017886243709365
579,-2.0999999999999983,0.0013596310859627,7.0,0.0,0.0013596310859627
580,-1.9999999999999984,0.0009405933431629,7.0,0.0,0.0009405933431629
581,-1.899999999999998,0.0005547213277901,7.0,0.0,0.0005547213277901
582,-1.799999999999998,0.0002360153593991,7.0,0.0,0.0002360153593991
583,-1.699999999999998,3.451381990372264e-05,7.0,0.0,3.451381990372264e-05
584,-1.599999999999998,2.6191462792151004e-05,7.0,0.0,2.6191462792151004e-05
585,-1.4999999999999978,0.0003334588857443,7.0,0.0,0.0003334588857443
586,-1.3999999999999977,0.0011705897336043,7.0,0.0,0.0011705897336043
587,-1.2999999999999976,0.002949823217506,7.0,0.0,0.002949823217506
588,-1.1999999999999975,0.0065392183344775,7.0,0.0,0.0065392183344775
589,-1.0999999999999974,0.0138910867986007,7.0,0.0,0.0138910867986007
590,-0.9999999999999972,0.0294038008226632,7.0,0.0,0.0294038008226632
591,-0.8999999999999972,0.0615530804587898,7.0,0.0,0.0615530804587898
592,-0.7999999999999972,0.1193512500158937,7.0,0.0,0.1193512500158937
593,-0.6999999999999971,0.1961012479945354,7.0,0.0,0.1961012479945354
594,-0.599999999999997,0.2640736827139097,7.0,0.0,0.2640736827139097
595,-0.4999999999999969,0.3042407689809973,7.0,0.0,0.3042407689809973
596,-0.3999999999999968,0.3198132639285013,7.0,0.0,0.3198132639285013
597,-0.2999999999999967,0.3190586524820595,7.0,0.0,0.3190586524820595
598,-0.1999999999999966,0.3047120787129685,7.0,0.0,0.3047120787129685
599,-0.0999999999999965,0.2770811695305173,7.0,0.0,0.2770811695305173
600,3.552713678800501e-15,0.2402245397271737,7.0,0.0,0.2402245397271737
601,0.1000000000000032,0.2025466184657814,7.0,0.0,0.2025466184657814
602,0.2000000000000037,0.1711526793815732,7.0,0.0,0.1711526793815732
603,0.3000000000000042,0.1481448457748696,7.0,0.0,0.1481448457748696
604,0.4000000000000039,0.1321985842062024,7.0,0.0,0.1321985842062024
605,0.5000000000000036,0.1212200516287215,7.0,0.0,0.1212200516287215
606,0.6000000000000041,0.1135610521458733,7.0,0.0,0.1135610521458733
607,0.7000000000000046,0.108179135589676,7.0,0.0,0.108179135589676
608,0.8000000000000043,0.1044729877191524,7.0,0.0,0.1044729877191524
609,0.9000000000000039,0.1021072395067116,7.0,0.0,0.1021072395067116
610,1.0000000000000044,0.1008953938831914,7.0,0.0,0.1008953938831914
611,1.100000000000005,0.1007337569861673,7.0,0.0,0.1007337569861673
612,1.2000000000000046,0.1015677306467853,7.0,0.0,0.1015677306467853
613,1.3000000000000045,0.1033763027174876,7.0,0.0,0.1033763027174876
614,1.4000000000000048,0.1061663886796285,7.0,0.0,0.1061663886796285
615,1.500000000000005,0.109972661718331,7.0,0.0,0.109972661718331
616,1.600000000000005,0.1148606516118478,7.0,0.0,0.1148606516118478
617,1.7000000000000046,0.1209318239358686,7.0,0.0,0.1209318239358686
618,1.8000000000000052,0.1283296450312366,7.0,0.0,0.1283296450312366
619,1.9000000000000057,0.1372456685322664,7.0,0.0,0.1372456685322664
620,2.0000000000000053,0.147924629459272,7.0,0.0,0.147924629459272
621,2.100000000000005,0.1606674530339117,7.0,0.0,0.1606674530339117
622,2.200000000000005,0.1758309662767291,7.0,0.0,0.1758309662767291
623,2.300000000000006,0.1938229310641533,7.0,0.0,0.1938229310641533
624,2.4000000000000057,0.2150908309775008,7.0,0.0,0.2150908309775008
625,2.5000000000000053,0.2401027343695981,7.0,0.0,0.2401027343695981
626,2.600000000000006,0.2693186774998611,7.0,0.0,0.2693186774998611
627,2.7000000000000064,0.3031515818473272,7.0,0.0,0.3031515818473272
628,2.800000000000006,0.3419180142885407,7.0,0.0,0.3419180142885407
629,2.9000000000000057,0.3857813876104153,7.0,0.0,0.3857813876104153
630,3.000000000000006,0.4346935376063085,7.0,0.0,0.4346935376063085
631,3.1000000000000068,0.4883444764298773,7.0,0.0,0.4883444764298773
632,3.2000000000000064,0.5461330909853812,7.0,0.0,0.5461330909853812
633,3.300000000000006,0.6071715094979954,7.0,0.0,0.6071715094979954
634,3.4000000000000066,0.670331018134543,7.0,0.0,0.670331018134543
635,3.500000000000007,0.734327887127683,7.0,0.0,0.734327887127683
636,3.6000000000000068,0.7978361635746226,7.0,0.0,0.7978361635746226
637,3.7000000000000064,0.8596061317287137,7.0,0.0,0.8596061317287137
638,3.800000000000007,0.91856563539508,7.0,0.0,0.91856563539508
639,3.900000000000008,0.9738874091536676,7.0,0.0,0.9738874091536676
640,-4.0,0.0137933466949815,8.0,0.0,0.0137933466949815
641,-3.9,0.0115749800560306,8.0,0.0,0.0115749800560306
642,-3.8,0.0094125509516041,8.0,0.0,0.0094125509516041
643,-3.7,0.0073517163707722,8.0,0.0,0.0073517163707722
644,-3.6,0.005442573117721,8.0,0.0,0.005442573117721
645,-3.5,0.0037381236247104,8.0,0.0,0.0037381236247104
646,-3.3999999999999995,0.00229239632971,8.0,0.0,0.00229239632971
647,-3.2999999999999994,0.0011583525472975,8.0,0.0,0.0011583525472975
648,-3.1999999999999997,0.0003857417810055,8.0,0.0,0.0003857417810055
649,-3.099999999999999,1.9072646107947543e-05,8.0,0.0,1.9072646107947543e-05
650,-2.999999999999999,9.584583940740384e-05,8.0,0.0,9.584583940740384e-05
651,-2.899999999999999,0.0006451543302,8.0,0.0,0.0006451543302
652,-2.799999999999999,0.0016867045342677,8.0,0.0,0.0016867045342677
653,-2.699999999999999,0.0032302627674341,8.0,0.0,0.0032302627674341
654,-2.5999999999999988,0.0052754940156642,8.0,0.0,0.0052754940156642
655,-2.4999999999999987,0.0078121408499746,8.0,0.0,0.0078121408499746
656,-2.3999999999999986,0.0108204896742752,8.0,0.0,0.0108204896742752
657,-2.2999999999999985,0.0142720852386502,8.0,0.0,0.0142720852386502
658,-2.1999999999999984,0.0181306750806961,8.0,0.0,0.0181306750806961
659,-2.0999999999999983,0.0223533842101228,8.0,0.0,0.0223533842101228
660,-1.9999999999999984,0.0268921272327928,8.0,0.0,0.0268921272327928
661,-1.899999999999998,0.0316952501513222,8.0,0.0,0.0316952501513222
662,-1.799999999999998,0.0367093463202504,8.0,0.0,0.0367093463202504
663,-1.699999999999998,0.0418810976042595,8.0,0.0,0.0418810976042595
664,-1.599999999999998,0.0471588372851303,8.0,0.0,0.0471588372851303
665,-1.4999999999999978,0.0524933000492631,8.0,0.0,0.0524933000492631
666,-1.3999999999999977,0.0578367118874786,8.0,0.0,0.0578367118874786
667,-1.2999999999999976,0.0631390183438611,8.0,0.0,0.0631390183438611
668,-1.1999999999999975,0.068339813237975,8.0,0.0,0.068339813237975
669,-1.0999999999999974,0.0733548407719203,8.0,0.0,0.0733548407719203
670,-0.9999999999999972,0.0780577202245625,8.0,0.0,0.0780577202245625
671,-0.8999999999999972,0.0822623316640477,8.0,0.0,0.0822623316640477
672,-0.7999999999999972,0.0857207507157171,8.0,0.0,0.0857207507157171
673,-0.6999999999999971,0.0881650252956184,8.0,0.0,0.0881650252956184
674,-0.599999999999997,0.0894302338083232,8.0,0.0,0.0894302338083232
675,-0.4999999999999969,0.0896823421897837,8.0,0.0,0.0896823421897837
676,-0.3999999999999968,0.0897225387827334,8.0,0.0,0.0897225387827334
677,-0.2999999999999967,0.0912761730784233,8.0,0.0,0.0912761730784233
678,-0.1999999999999966,0.0971617334721316,8.0,0.0,0.0971617334721316
679,-0.0999999999999965,0.1112550261400076,8.0,0.0,0.1112550261400076
680,3.552713678800501e-15,0.1380789488142272,8.0,0.0,0.1380789488142272
681,0.1000000000000032,0.1816991915060177,8.0,0.0,0.1816991915060177
682,0.2000000000000037,0.2438385306202003,8.0,0.0,0.2438385306202003
683,0.3000000000000042,0.3221113019262495,8.0,0.0,0.3221113019262495
684,0.4000000000000039,0.4101172759359695,8.0,0.0,0.4101172759359695
685,0.5000000000000036,0.4998942909379052,8.0,0.0,0.4998942909379052
686,0.6000000000000041,0.5848043998427516,8.0,0.0,0.5848043998427516
687,0.7000000000000046,0.6608515521513786,8.0,0.0,0.6608515521513786
688,0.8000000000000043,0.7264260206414541,8.0,0.0,0.7264260206414541
689,0.9000000000000039,0.7814977611695973,8.0,0.0,0.7814977611695973
690,1.0000000000000044,0.826910550546046,8.0,0.0,0.826910550546046
691,1.100000000000005,0.8639060679618435,8.0,0.0,0.8639060679618435
692,1.2000000000000046,0.8938245132089723,8.0,0.0,0.8938245132089723
693,1.3000000000000045,0.9179275568850364,8.0,0.0,0.9179275568850364
694,1.4000000000000048,0.9373096741698382,8.0,0.0,0.9373096741698382
695,1.500000000000005,0.9528706596613824,8.0,0.0,0.9528706596613824
696,1.600000000000005,0.965324990321804,8.0,0.0,0.965324990321804
697,1.7000000000000046,0.9752288774212824,8.0,0.0,0.9752288774212824
698,1.8000000000000052,0.9830124152428928,8.0,0.0,0.9830124152428928
699,1.9000000000000057,0.9890099712418444,8.0,0.0,0.9890099712418444
700,2.0000000000000053,0.9934858706111408,8.0,0.0,0.9934858706111408
701,2.100000000000005,0.9966546186722074,8.0,0.0,0.9966546186722074
702,2.200000000000005,0.9986959214526542,8.0,0.0,0.9986959214526542
703,2.300000000000006,0.9997651480179938,8.0,0.0,0.9997651480179938
704,2.4000000000000057,0.999999999999998,8.0,0.0,0.999999999999998
705,2.5000000000000053,0.9995242037232892,8.0,0.0,0.9995242037232892
706,2.600000000000006,0.9984490691282024,8.0,0.0,0.9984490691282024
707,2.7000000000000064,0.9968737447400492,8.0,0.0,0.9968737447400492
708,2.800000000000006,0.9948849065052542,8.0,0.0,0.9948849065052542
709,2.9000000000000057,0.9925564477367974,8.0,0.0,0.9925564477367974
710,3.000000000000006,0.9899495216195264,8.0,0.0,0.9899495216195264
711,3.1000000000000068,0.9871130776906956,8.0,0.0,0.9871130776906956
712,3.2000000000000064,0.9840848716575415,8.0,0.0,0.9840848716575415
713,3.300000000000006,0.9808928323352452,8.0,0.0,0.9808928323352452
714,3.4000000000000066,0.9775566355000994,8.0,0.0,0.9775566355000994
715,3.500000000000007,0.9740893436119183,8.0,0.0,0.9740893436119183
716,3.6000000000000068,0.9704990016072228,8.0,0.0,0.9704990016072228
717,3.7000000000000064,0.9667901156378816,8.0,0.0,0.9667901156378816
718,3.800000000000007,0.9629649737656756,8.0,0.0,0.9629649737656756
719,3.900000000000008,0.959024791140256,8.0,0.0,0.959024791140256
720,-4.0,0.0008823363310346,9.0,0.0,0.0008823363310346
721,-3.9,0.000687863401708,9.0,0.0,0.000687863401708
722,-3.8,0.0005076639220264,9.0,0.0,0.0005076639220264
723,-3.7,0.0003463875765839,9.0,0.0,0.0003463875765839
724,-3.6,0.0002091682819444,9.0,0.0,0.0002091682819444
725,-3.5,0.0001015994865637,9.0,0.0,0.0001015994865637
726,-3.3999999999999995,2.971653354556262e-05,9.0,0.0,2.971653354556262e-05
727,-3.2999999999999994,-1.453822787189311e-16,9.0,0.0,-1.453822787189311e-16
728,-3.1999999999999997,1.9416083322930626e-05,9.0,0.0,1.9416083322930626e-05
729,-3.099999999999999,9.55105607878024e-05,9.0,0.0,9.55105607878024e-05
730,-2.999999999999999,0.0002365713663451,9.0,0.0,0.0002365713663451
731,-2.899999999999999,0.0004518715879834,9.0,0.0,0.0004518715879834
732,-2.799999999999999,0.0007520002868015,9.0,0.0,0.0007520002868015
733,-2.699999999999999,0.0011492839034366,9.0,0.0,0.0011492839034366
734,-2.5999999999999988,0.0016582973160321,9.0,0.0,0.0016582973160321
735,-2.4999999999999987,0.0022964622310784,9.0,0.0,0.0022964622310784
736,-2.3999999999999986,0.0030847332084304,9.0,0.0,0.0030847332084304
737,-2.2999999999999985,0.0040483803594893,9.0,0.0,0.0040483803594893
738,-2.1999999999999984,0.0052178951797634,9.0,0.0,0.0052178951797634
739,-2.0999999999999983,0.0066300747949487,9.0,0.0,0.0066300747949487
740,-1.9999999999999984,0.0083293821870357,9.0,0.0,0.0083293821870357
741,-1.899999999999998,0.0103697360545912,9.0,0.0,0.0103697360545912
742,-1.799999999999998,0.0128169516274345,9.0,0.0,0.0128169516274345
743,-1.699999999999998,0.0157521286178176,9.0,0.0,0.0157521286178176
744,-1.599999999999998,0.0192763599887016,9.0,0.0,0.0192763599887016
745,-1.4999999999999978,0.0235172128456922,9.0,0.0,0.0235172128456922
746,-1.3999999999999977,0.0286375086078707,9.0,0.0,0.0286375086078707
747,-1.2999999999999976,0.0348469911586052,9.0,0.0,0.0348469911586052
748,-1.1999999999999975,0.0424174679113027,9.0,0.0,0.0424174679113027
749,-1.0999999999999974,0.0517018000338557,9.0,0.0,0.0517018000338557
750,-0.9999999999999972,0.0631564043293765,9.0,0.0,0.0631564043293765
751,-0.8999999999999972,0.0773651801636525,9.0,0.0,0.0773651801636525
752,-0.7999999999999972,0.0950592599464392,9.0,0.0,0.0950592599464392
753,-0.6999999999999971,0.1171211643470504,9.0,0.0,0.1171211643470504
754,-0.599999999999997,0.1445546931722338,9.0,0.0,0.1445546931722338
755,-0.4999999999999969,0.1783975726635922,9.0,0.0,0.1783975726635922
756,-0.3999999999999968,0.2195610017429976,9.0,0.0,0.2195610017429976
757,-0.2999999999999967,0.2686041110689562,9.0,0.0,0.2686041110689562
758,-0.1999999999999966,0.3254777385420532,9.0,0.0,0.3254777385420532
759,-0.0999999999999965,0.389270476855406,9.0,0.0,0.389270476855406
760,3.552713678800501e-15,0.4579779299068947,9.0,0.0,0.4579779299068947
761,0.1000000000000032,0.5283994681748327,9.0,0.0,0.5283994681748327
762,0.2000000000000037,0.5964443013911768,9.0,0.0,0.5964443013911768
763,0.3000000000000042,0.6580508156115575,9.0,0.0,0.6580508156115575
764,0.4000000000000039,0.7103622827608913,9.0,0.0,0.7103622827608913
765,0.5000000000000036,0.7523916411579264,9.0,0.0,0.7523916411579264
766,0.6000000000000041,0.7848282181838699,9.0,0.0,0.7848282181838699
767,0.7000000000000046,0.8093552116444026,9.0,0.0,0.8093552116444026
768,0.8000000000000043,0.8280156235803989,9.0,0.0,0.8280156235803989
769,0.9000000000000039,0.8428645396388867,9.0,0.0,0.8428645396388867
770,1.0000000000000044,0.8558586252465316,9.0,0.0,0.8558586252465316
771,1.100000000000005,0.8688166742211261,9.0,0.0,0.8688166742211261
772,1.2000000000000046,0.8832528467215952,9.0,0.0,0.8832528467215952
773,1.3000000000000045,0.8999448364532924,9.0,0.0,0.8999448364532924
774,1.4000000000000048,0.9184265833559434,9.0,0.0,0.9184265833559434
775,1.500000000000005,0.9370171053414762,9.0,0.0,0.9370171053414762
776,1.600000000000005,0.9537026584181728,9.0,0.0,0.9537026584181728
777,1.7000000000000046,0.9671933232102712,9.0,0.0,0.9671933232102712
778,1.8000000000000052,0.9772717761027192,9.0,0.0,0.9772717761027192
779,1.9000000000000057,0.984438123375311,9.0,0.0,0.984438123375311
780,2.0000000000000053,0.9894130412972404,9.0,0.0,0.9894130412972404
781,2.100000000000005,0.9928422861361076,9.0,0.0,0.9928422861361076
782,2.200000000000005,0.9952083348140878,9.0,0.0,0.9952083348140878
783,2.300000000000006,0.9968447342108512,9.0,0.0,0.9968447342108512
784,2.4000000000000057,0.997976394743129,9.0,0.0,0.997976394743129
785,2.5000000000000053,0.9987548299333608,9.0,0.0,0.9987548299333608
786,2.600000000000006,0.9992827099910024,9.0,0.0,0.9992827099910024
787,2.7000000000000064,0.9996300402485998,9.0,0.0,0.9996300402485998
788,2.800000000000006,0.9998448616133394,9.0,0.0,0.9998448616133394
789,2.9000000000000057,0.9999604201592311,9.0,0.0,0.9999604201592311
790,3.000000000000006,0.9999999999999948,9.0,0.0,0.9999999999999948
791,3.1000000000000068,0.9999801823653036,9.0,0.0,0.9999801823653036
792,3.2000000000000064,0.999913040413984,9.0,0.0,0.999913040413984
793,3.300000000000006,0.9998076147687134,9.0,0.0,0.9998076147687134
794,3.4000000000000066,0.9996709026046804,9.0,0.0,0.9996709026046804
795,3.500000000000007,0.9995085167893474,9.0,0.0,0.9995085167893474
796,3.6000000000000068,0.9993251204588386,9.0,0.0,0.9993251204588386
797,3.7000000000000064,0.9991247086017794,9.0,0.0,0.9991247086017794
798,3.800000000000007,0.9989107858749836,9.0,0.0,0.9989107858749836
799,3.900000000000008,0.9986864749497072,9.0,0.0,0.9986864749497072
