,sigma,mae_nn_train,mae_nn_test,mae_mdl_train,mae_mdl_test,rmse_nn_train,rmse_nn_test,rmse_mdl_train,rmse_mdl_test,n,r
0,0.0,0.038345634757454776,0.031068654450086657,0.0011192818509827192,0.0096783337369942,0.04835519744966017,0.03449750580034459,0.0013248677336169256,0.011692047912842183,0,0
1,0.0,0.011995545078080221,0.1063686055807301,0.002784677225133068,0.3321931082945735,0.015287223353882756,0.11221118823808453,0.0033395279887837768,0.49756335827070697,1,0
2,0.0,0.04532975756470637,0.5686037075540692,0.0010121478021292616,0.05818908411283632,0.11982020356189935,0.5745545643078757,0.0012988494912167037,0.07225381117887544,2,0
3,0.0,0.017689668796505693,0.1681908942532383,0.00030889461267041986,0.041746548289626755,0.04363645224967901,0.1698778738836072,0.00039943160042484917,0.04874519002266186,3,0
4,0.0,0.015367078183619478,0.06664071348037989,0.00017021755927056152,0.0029485946274729995,0.019958221690598563,0.07040257820596137,0.00024805058928071926,0.004091270333072269,4,0
5,0.0,0.007375546651996818,0.07144858268185031,0.0004865566624207599,0.14085168745098056,0.012901142457471683,0.08879131901643099,0.0006838704158147082,0.1689972069296649,5,0
6,0.0,0.006576893672113313,0.09155275522549257,0.00032353353186695443,0.018113636426146034,0.016010505916351715,0.09312471524348805,0.00038924738108527066,0.023113044732589655,6,0
7,0.0,0.007776934491820241,0.06093985294552069,0.000699999991298737,0.025820444881709568,0.014318334128293945,0.0612438675304153,0.0009039426303542021,0.03364339911947953,7,0
8,0.0,0.007191351251179991,0.09897701980993887,5.06145342908162e-05,0.059529501732911945,0.01565973965776641,0.09997828355734521,7.104044573941991e-05,0.08638921082345535,8,0
9,0.0,0.002033293345685091,0.026620664562289266,1.4311849423974544e-05,0.24543305999120552,0.0027660121084997864,0.03274005258000409,1.6265960450921574e-05,0.6222421992078948,9,0
10,0.0,0.038359937529392554,0.0462822501314221,0.000634263558693058,0.0021874074403424406,0.04726722559768975,0.050920456411321514,0.0008017254828792925,0.002376866878274031,0,1
11,0.0,0.010395770146948986,0.08431830050055475,0.0026757122556685586,1168965234.7582939,0.013222273682325357,0.08890939167585944,0.003501617403951718,5194322888.8216305,1,1
12,0.0,0.0460935610138864,0.5845804759938903,0.0005762808428804942,0.18959342379606436,0.12176504340774696,0.591022595989045,0.0007888490560905481,0.24100793632860773,2,1
13,0.0,0.017880664379380597,0.15080589395972427,0.00032672468972266453,0.10469671655840009,0.04411412873554618,0.15402731041571346,0.0004330678272935761,0.1469242550841266,3,1
14,0.0,0.015534128680786751,0.06769730882658707,0.0003412551399595921,0.006600285010980221,0.018833360413052357,0.07111735414177207,0.0004652218619248416,0.009092764329157814,4,1
15,0.0,0.048041581447021565,0.061659978921243266,0.00019035087212733264,0.00302134996516811,0.05993101796731925,0.07331092448703808,0.0002155028373009347,0.004062695387027648,5,1
16,0.0,0.00776865246802762,0.11799397750300307,0.000760479276115128,0.0005882937780152729,0.01870074212060112,0.12048184504645158,0.0009443598547355098,0.0007613392919980957,6,1
17,0.0,0.004123476234680117,0.012965623913865933,0.0005138347990105015,0.022783444483791132,0.005991511749528569,0.014743170928134658,0.0005906685058514708,0.02856854077125195,7,1
18,0.0,0.006985619627040637,0.11721338388087793,3.2766024802111046e-05,inf,0.015532305290293232,0.11930123933361021,4.680017988451792e-05,inf,8,1
19,0.0,0.0013618076255547996,0.05461293756744839,3.6686973457682065e-05,0.03522221962769169,0.0015646733998345074,0.0642169493149037,4.3851461238120916e-05,0.044426947764233254,9,1
20,0.0,0.03791004542275856,0.04646720945088459,0.000551937498475951,0.02118646774911863,0.046595277758210034,0.05102017068542951,0.0006518616392188583,0.027163637394097096,0,2
21,0.0,0.0155849796798721,0.14637373606728407,0.0024984638054169135,0.19216385863330768,0.01983193846708472,0.15607638431177423,0.003024319326909971,0.2798478101817703,1,2
22,0.0,0.044838033944363614,0.5563936422163194,0.004254098777900455,0.08913205196801295,0.11759289364338413,0.5622700049139537,0.0049502111555971996,0.1061752612522525,2,2
23,0.0,0.020989231539647258,0.15712537134152574,0.00031601892732938905,0.04552695278522994,0.04966428228076095,0.16164396868119216,0.00038770306166968177,0.05413075099703104,3,2
24,0.0,0.005254132004978434,0.025249020968508413,0.00048168419131251115,0.00605553132854613,0.0061204991578297785,0.026863082025682345,0.0005947146147699296,0.008407981577447812,4,2
25,0.0,0.008582474559405731,0.07592154440466876,0.00010742720250048743,0.20402271111418338,0.011380312879547863,0.09424994850878406,0.00013052916853357704,0.2993989246694562,5,2
26,0.0,0.0049001343362085744,0.07683237825550113,0.00044011356477112267,0.015213767702761418,0.011675906850771942,0.07918051650846088,0.0005743812354836288,0.01926805577899772,6,2
27,0.0,0.0026610408303205917,0.03484207352572651,0.00024327109328469286,0.021672749158385747,0.0032077429954499585,0.04203223273265603,0.0002869172531090022,0.028547032969316682,7,2
28,0.0,0.013279400263379811,0.18983669371781917,2.8211808408145206e-05,0.001097496425886857,0.03157867266616459,0.1921996194014475,3.239260578001951e-05,0.001482361002281054,8,2
29,0.0,0.0014103739743926613,0.05714640464301068,3.5276626197768e-05,0.009075113717752407,0.0016454285657391302,0.06721987398753194,4.476272356489474e-05,0.011692409993024636,9,2
30,0.02,0.03844878146510429,0.050660939871155594,0.010953998032408506,0.019700109839276878,0.047848164877314324,0.05528961813499847,0.012797820274820485,0.03467656825330536,0,0
31,0.02,0.012382936941031163,0.08741653274099864,0.016240738046084488,0.22890826586772983,0.015464469415145983,0.09270858099018267,0.02018762839014176,0.25624593217760316,1,0
32,0.02,0.048467643535951226,0.5209232792776548,0.00833955049201975,6.24110587456858,0.11305777632034768,0.5262816274283537,0.011193811775373442,8.933876625128477,2,0
33,0.02,0.022761475553068976,0.18449133422956254,0.0060960253212349515,0.5705024552012977,0.04826530523289292,0.186005280748245,0.008784035951063461,0.7195206721793235,3,0
34,0.02,0.009391748800691681,0.05488061717516265,0.0032096163736148138,0.03862961713225787,0.011402756073732494,0.05757812093872773,0.005306366989137497,0.03980903582431569,4,0
35,0.02,0.011894227300553895,0.07160469391295549,0.006697734390169169,0.09795369813318866,0.015031986060487947,0.08942632418745296,0.008548651929546215,0.12387867447626781,5,0
36,0.02,0.006727383121582298,0.07102622881356489,0.008436261840533239,0.03127731447774151,0.00879975125985071,0.0744527051333926,0.011928425097152306,0.03339510991221651,6,0
37,0.02,0.008590327095105993,0.02979928944379491,0.007643627119142455,178.26454111552925,0.01163648355445468,0.031023225291273604,0.011446579815871742,519.3869377400424,7,0
38,0.02,0.02434850303350883,0.26648579740622425,0.010406337697058206,0.2797752582053928,0.049118979253324487,0.2690664620393696,0.01388993557563388,0.32583691104514184,8,0
39,0.02,0.03210819314414249,0.07921588717704488,0.006218513737935356,0.0453684191894351,0.04075929547707024,0.08754513248642935,0.008316888838837574,0.055859671361644714,9,0
40,0.02,0.037889930961645404,0.043462819415527154,0.010030884189798677,0.024685373134136716,0.047643613259949764,0.04796335277522162,0.011494778719353024,0.034520702202994885,0,1
41,0.02,0.01086829813802399,0.07387085854929087,0.01595326751308255,0.23690268048693713,0.013747263136919242,0.07809077524162203,0.019334429325959464,0.26302846119796236,1,1
42,0.02,0.05125311951293124,0.5590537332413491,0.010905995297046915,0.3808262938411825,0.12250138445508359,0.5642783758862882,0.014437039023472828,0.4402176137975021,2,1
43,0.02,0.02205836705997138,0.1370867723534556,0.0062609659267647555,0.6217884407486416,0.04538894522026477,0.14280184863585235,0.00888095649324839,0.7852039197430736,3,1
44,0.02,0.006483667576832344,0.043824938654741484,0.0032096190671307653,0.03862962928642544,0.007625246700251192,0.045878485692307534,0.0053063700580788,0.03980904761895533,4,1
45,0.02,0.011562999910975773,0.07048402423567784,0.006697735981512678,0.09795369995650385,0.014026343304271697,0.08679039426779811,0.008548653961176976,0.12387867674025055,5,1
46,0.02,0.008647985111818102,0.06648943547427039,0.009991965149199181,0.0504047310295804,0.012378948530135206,0.06814293623569515,0.012436870502405476,0.0531685508423087,6,1
47,0.02,0.008378595752356032,0.025065487315651936,0.007643633065954144,178.2672296971679,0.011415788817868634,0.025807955920234743,0.011446594515490967,519.3951312170022,7,1
48,0.02,0.008668943442309078,0.02517899624290376,0.010094855084424035,0.34055437179200015,0.009559302740323888,0.030792288502293232,0.013317539548490357,0.3952494851202967,8,1
49,0.02,0.011195890698804655,0.10011633874805878,0.007717055585310174,0.09069646927899559,0.020231518110335477,0.10031974759481652,0.009637490998318995,0.10083287877132611,9,1
50,0.02,0.038529982483752084,0.03411457549622056,0.010391568488963132,0.1048243735107855,0.048316916076915496,0.037768432342682665,0.012154513716638565,0.13937013525765424,0,2
51,0.02,0.016617182596173195,0.175232708755283,0.016181636116698712,0.23749014744713948,0.022341005347340057,0.18941591208101619,0.019768350353902103,0.2646424427184193,1,2
52,0.02,0.04671641358665291,0.5176420431202077,0.008146204098929655,0.15155727421078596,0.11114952158552376,0.5232799203965586,0.01083045600585709,0.1770450012123653,2,2
53,0.02,0.022081007905808116,0.17371710474081167,0.006260967540633864,0.6217875849935455,0.04646919283315504,0.1755304854062367,0.008880955149905638,0.785202830782319,3,2
54,0.02,0.09405389531137334,0.012855820930962316,0.003705842837795875,0.03733882490351977,0.15814111343338452,0.01368705244631185,0.005683710303159904,0.03855773617881807,4,2
55,0.02,0.08105007655563586,0.05646287286124695,0.006697735721559323,0.09795369954878293,0.10317927120283368,0.06736544811116287,0.008548653641966905,0.12387867623398965,5,2
56,0.02,0.0065901282526956,0.04047441857623922,0.00615145513977604,0.006664225524670601,0.007647542512457521,0.046033379462084245,0.007881749111821448,0.007268843545322132,6,2
57,0.02,0.014433875458433273,0.12104953272603414,0.00950884863192917,0.04211239911098502,0.02499050530918668,0.12151202360241327,0.011825060929337477,0.048832398862869185,7,2
58,0.02,0.012092512373409449,0.07851486078659445,0.010131112952134801,0.34580355336487334,0.016304842779393914,0.0799967047198262,0.013943292374480852,0.3978020874702238,8,2
59,0.02,0.010353276318103675,0.028239778154727908,0.006218513763474964,0.04536841906747524,0.014764510833178706,0.03510690600554119,0.008316888877248128,0.055859671237755655,9,2
60,0.04,0.03812903679006301,0.013949493488125844,0.036072324074852384,0.011794720997894862,0.04501549933153264,0.017530580295751212,0.04355894326514834,0.013066047829479607,0,0
61,0.04,0.018914443522705115,0.1648899941682169,0.021341756146874204,0.042012800401905484,0.024259698478208552,0.17289886300160423,0.026008320965076256,0.05298042003411978,1,0
62,0.04,0.03262623739030447,0.36916995458737206,0.022603513015362363,0.1270990323662458,0.06572682370325199,0.3819352218388046,0.027964675865185414,0.1306266431093475,2,0
63,0.04,0.01848086693501536,0.12958832267751075,0.02357325944822657,0.17526407352520249,0.026477928573526772,0.13067936095730823,0.03067807722688677,0.22960022566601315,3,0
64,0.04,0.03241051286239668,0.2807787112421157,0.012681719792486657,0.03206596281558639,0.040901131457393984,0.302840231623694,0.013658372556187218,0.033477542584672094,4,0
65,0.04,0.029379622997065258,0.05896646265424874,0.007641862317528266,0.10092631879396127,0.03901114613914879,0.06698724903932804,0.009326836152577586,0.12720547273321484,5,0
66,0.04,0.027118535681163677,0.16271862666334527,0.014592617643619642,0.03178766174508846,0.038696024863166104,0.16457882709075908,0.018241809625888863,0.03786518780281732,6,0
67,0.04,0.012769401899097747,0.04668425159821625,0.008286516095480251,0.043074067575835685,0.019237310137450378,0.047597212141461856,0.010467987729717243,0.045745013362008806,7,0
68,0.04,0.030501883885124086,0.18900981796910782,0.019477062708621973,0.013502845672920741,0.04707124371816476,0.18947791960920157,0.02217512505962571,0.015591732223671275,8,0
69,0.04,0.015499494274608647,0.014677934192292004,0.011868103827180553,0.03173322651067921,0.023245619733101807,0.01699035292527484,0.01626159620797819,0.03783173225332302,9,0
70,0.04,0.03833388515596441,0.01309609475253492,0.036072325445557836,0.011794728429878656,0.045310463039190736,0.01638551126551985,0.0435589410158607,0.013066055613714163,0,1
71,0.04,0.02389799105778584,0.19790235700201494,0.02055220739417272,0.020212686079525498,0.029090087635829008,0.20722461287616653,0.02614655251554557,0.024423826687337887,1,1
72,0.04,0.028960825649810527,0.26851574103701764,0.02472609450211362,0.20326883320093275,0.0546502258457582,0.2782307619591845,0.03147734923380856,0.22866518590705823,2,1
73,0.04,0.012778298911712636,0.044256248586934825,0.023573259106917765,0.17526406906340894,0.01735455294598012,0.05260264718117264,0.03067807596216419,0.2296002204410942,3,1
74,0.04,0.013211700315700643,0.028892714238643147,0.0047220892606725205,0.031848194070856026,0.016583649423927385,0.031040550814278374,0.007004504062911046,0.03326896845919468,4,1
75,0.04,0.014538218519801709,0.09717329155555003,0.007294790223425494,0.09939795564791025,0.01923231385596344,0.12278353230115066,0.009797610018203765,0.12553869650450625,5,1
76,0.04,0.018035712645437494,0.10408865096676946,0.01895276488441379,0.10584721961863483,0.024293024300512188,0.10615283914408255,0.024304022824817934,0.11227814360119232,6,1
77,0.04,0.012740653727799537,0.03556079315580114,0.008401107035682214,0.03253869092955352,0.0181007670411616,0.03863294922799832,0.01110420819369015,0.038385472368855394,7,1
78,0.04,0.025294919785773643,0.13295892229816447,0.023965026389470397,0.009581787863645734,0.03221047218145313,0.1346712297193048,0.02896806203994058,0.01134893029565006,8,1
79,0.04,0.0164823721776878,0.028027319537989315,0.022321214297183558,0.0127987133933793,0.023372601385616518,0.03164701891970121,0.02516727678897545,0.013776366805484976,9,1
80,0.04,0.037754772087740626,0.01865999119166943,0.03607230429795545,0.01179463599790013,0.044304961111565504,0.023726820358655445,0.043558964697629744,0.013065958934752691,0,2
81,0.04,0.018955644183367475,0.09254741270661485,0.02485818574872028,0.05802771802800906,0.022899160647423707,0.09475865448045198,0.02950402057028428,0.07944042895475688,1,2
82,0.04,0.017025188780882234,0.14176460839375457,0.013520328147540606,0.31555953343873333,0.022713189781476337,0.16940282378986152,0.016914253224273777,0.35189914249594567,2,2
83,0.04,0.012880331378953676,0.005511456102535067,0.02357325944602757,0.1752640736067409,0.01651776245237913,0.0066358922490603895,0.03067807721965051,0.22960022576498226,3,2
84,0.04,0.013013007786164875,0.02725179076364422,0.012681756603034515,0.03206601908924045,0.016231162304080147,0.028897308522127806,0.013658413874472156,0.03347759648663099,4,2
85,0.04,0.012238858434264822,0.08959369982848327,0.007294781249714629,0.09939798331021513,0.015163988421838139,0.11415061288901895,0.009797580375862938,0.1255387265422224,5,2
86,0.04,0.061962536953748204,0.019519933357496737,0.01608499124588184,0.10034919839803091,0.09051531676322087,0.019719745216301102,0.01986391484810349,0.10877319530710654,6,2
87,0.04,0.028503440808737686,0.24341838631632534,0.006957359449384093,0.026829787151533613,0.048761221905210844,0.2455150931180859,0.009017613759637102,0.029845623769016113,7,2
88,0.04,0.028006031254726598,0.1577316302151759,0.012879133432974137,0.0302118167508948,0.039995509085877456,0.15834420032298,0.01619198643691847,0.033370130088782715,8,2
89,0.04,0.016106050589820866,0.018522993329474876,0.022321362754681884,0.01279858411077033,0.02208828731187944,0.020469187537536064,0.025167464113918892,0.013776242271541537,9,2
90,0.06,0.038199197744882646,0.02856816835975333,0.04460269766417965,0.021939135622579563,0.04791178756190023,0.031641060995947025,0.05268019870905133,0.023501525898474006,0,0
91,0.06,0.0355329036048346,0.2695790447094583,0.07191957276178558,0.1090673537009085,0.04154271833174273,0.2933562252534968,0.091024943539635,0.1092418385596729,1,0
92,0.06,0.023150661370824277,0.11891155259964384,0.02982443134312063,0.10096784997796672,0.029735552262634222,0.17303921429391692,0.035621398898158546,0.1065623437996752,2,0
93,0.06,0.056089647059411406,0.7718209394397352,0.023550048577821243,0.2882909207181517,0.12220178605666837,0.7818508493278569,0.026956913385069347,0.3558062300459959,3,0
94,0.06,0.026355620884806485,0.15557949178659536,0.016900528262599683,0.015765601354115352,0.03308597505546319,0.1920403056418775,0.025684125014430955,0.018443973128510892,4,0
95,0.06,0.02993975343923575,0.3107914286033764,0.025311475487946274,0.11758164175988901,0.03818190753549709,0.32864725032691966,0.039608260720579984,0.12424249654185207,5,0
96,0.06,0.03675785439536149,0.513840970067042,0.02105441115972897,0.04864825407283445,0.046294063745692046,0.5533413790103185,0.026075463732543665,0.051192470533863985,6,0
97,0.06,0.06836868190540049,0.16999433922170687,0.04153653534454781,0.09588258371300588,0.07825585244985117,0.20433420126557736,0.05447922120168098,0.10094808483565285,7,0
98,0.06,0.03059336594232586,0.4270439167211963,0.02945678065086123,0.12161139266931313,0.05214120486901123,0.44214543032072523,0.03408114710440463,0.13509378209775802,8,0
99,0.06,0.02209322621479951,0.3515254723090862,0.024026365777216122,0.011101892204504474,0.02859822814566421,0.38395609700941247,0.02751948880443737,0.013267006425209647,9,0
100,0.06,0.019938383571502644,0.07610429549633582,0.040085571286102545,0.001996299364232491,0.02475228408582178,0.08157843073175969,0.05056312386527179,0.0031261114789748966,0,1
101,0.06,0.018704591574798306,0.05371342776691425,0.023149423390783064,0.1870472827927681,0.02210118213633852,0.05578604799994001,0.027165321396709425,0.21248353408188986,1,1
102,0.06,0.04893454261498546,0.40635181644480706,0.026715438765966493,0.09190112268612702,0.09081584712829548,0.4108598297283568,0.03281316427196835,0.0977455814505641,2,1
103,0.06,0.01816074262074559,0.09613991126218253,0.023550048633402817,0.28829092120939226,0.021256128074715306,0.10882203007288001,0.0269569134334861,0.3558062305347671,3,1
104,0.06,0.021809320800236308,0.007751970233024848,0.01690029192016879,0.015765597349016836,0.025382405302451793,0.00895639250941166,0.02568376348115754,0.018443966768943196,4,1
105,0.06,0.026992564057939164,0.08970272603615685,0.019481412342714742,0.08933341143300011,0.03404036037580963,0.11311122945897262,0.02395729267292656,0.11270296263939515,5,1
106,0.06,0.019435532261997138,0.07692556673504218,0.014409483027392634,0.709002055970666,0.026440170356023685,0.08036766748490937,0.020082768360807718,0.8410516585362968,6,1
107,0.06,0.05180983868429508,0.2044595875053957,0.0415134292297333,0.09327390487686212,0.07733635024175786,0.20464524017187322,0.053865788669388015,0.09699406882105364,7,1
108,0.06,0.043816065347355555,0.3306659251777948,0.038061606752973313,1.1921516292086296,0.07156487608123771,0.3323901915224369,0.04421041443017295,1.5027156164441022,8,1
109,0.06,0.018896380991300258,0.10250856692935124,0.02402636571768123,0.011101892158730994,0.02403526186801954,0.10730241245166823,0.027519488832853795,0.013267006267542002,9,1
110,0.06,0.03875138241014553,0.05860560193840377,0.04217508703282384,0.045420992766441515,0.048103848046100565,0.06295108370248671,0.05158951349670213,0.06081029038810451,0,2
111,0.06,0.02585144209605412,0.1478622617077904,0.029160865284908744,0.34392901791562935,0.032337377393946626,0.1567163829222058,0.035608444836391716,0.37249194910307787,1,2
112,0.06,0.039635061386887924,0.3227280647060593,0.03492966593051474,0.21423605055955056,0.06820699124733422,0.32889344279826793,0.041754767238536945,0.2386157711457399,2,2
113,0.06,0.014284765670955638,0.04693818728686013,0.023550048588569017,0.2882909208131427,0.018334639056336425,0.056900643473276856,0.02695691339443167,0.3558062301405094,3,2
114,0.06,0.010203986940608062,0.059016326014859344,0.007024066488924449,0.02935677824418246,0.013592169352924151,0.06684017608351943,0.01141806686793368,0.0308923781929566,4,2
115,0.06,0.020513247974348954,0.07807754532382087,0.01948141678921478,0.08933341478633564,0.026810755790273887,0.07946583964360755,0.023957297323765614,0.1127029671917756,5,2
116,0.06,0.015860717715168962,0.1064689834328069,0.014409482972751844,0.7090020488949349,0.023573781880368225,0.11533338052347909,0.020082768425864494,0.8410516533766191,6,2
117,0.06,0.055229633718994434,0.2857107932184612,0.04151342923404012,0.09327390486977423,0.09019898527253904,0.2858923676172802,0.053865788662972175,0.09699406881574536,7,2
118,0.06,0.020439257539672417,0.17260710427943532,0.019669582166449297,0.021779569642444378,0.029533155507465058,0.17577754661143935,0.021251036644198088,0.02510985232794419,8,2
119,0.06,0.01914720895298268,0.04280991105937822,0.02402645326639259,0.011101934306152604,0.0244819123978433,0.05065641295484176,0.027519513761138224,0.013267167001236415,9,2
120,0.08,0.04103536001436165,0.09177297600349445,0.03352605074066535,0.0030378397910025994,0.05074995689108677,0.09668602287057453,0.04124042525706883,0.004401652468549019,0,0
121,0.08,0.02930908308351121,0.02563248311278476,0.05481871094898158,0.570127579715563,0.03590318161579009,0.029887120183785358,0.06725436483691345,0.6958502451112067,1,0
122,0.08,0.05392968753892092,0.325551889432166,0.024408137089110795,0.08362720736827411,0.07847335160847659,0.33004663304096127,0.029197086213689417,0.08742754657344955,2,0
123,0.08,0.061904835233309405,0.2906797685617009,0.020785389301626822,0.23686651314816456,0.0921867076956907,0.2915441339955299,0.024052167953897464,0.3032447490686256,3,0
124,0.08,0.027509158716650658,0.005196498667177783,0.01485250250887216,0.015729935471511188,0.03919415624891581,0.005839933946153697,0.022509255623433914,0.01838814195652709,4,0
125,0.08,0.03609007187250856,0.08890485534320126,0.02894627095576276,0.09011817137687499,0.05338000930264783,0.11249538377498591,0.0326754072456494,0.11377320365728526,5,0
126,0.08,0.0384196455864534,0.11743329943539015,0.03757340273149966,0.267722494913539,0.045574797971879515,0.12089632942160924,0.04605850443190814,0.3146708013200756,6,0
127,0.08,0.039318402890815764,0.035152127174562744,0.09388864474816296,0.02016946786072054,0.04794952583960831,0.03828962703295469,0.11024947862354102,0.022630643165180424,7,0
128,0.08,0.039873879629048856,0.19495116390369724,0.03697111567786807,1.0726410189425821,0.05455094626682459,0.198274670483745,0.043406742292123116,1.3488968634622192,8,0
129,0.08,0.03239165980228763,0.05931843049542618,0.0144866437208521,0.03716863569580971,0.041876377558519674,0.07110212876305175,0.021034996193763835,0.04390472653906957,9,0
130,0.08,0.04402265977071926,0.09270155157649906,0.039498387751043064,0.9593051074094053,0.054749837463979156,0.09679794758221709,0.049164267567517746,1.16029135645124,0,1
131,0.08,0.03316170226121082,0.054495552600095865,0.05182246819990844,0.46801374178810107,0.042206219050537896,0.05511418361594927,0.07063392694394015,0.5474469707991915,1,1
132,0.08,0.05890050002047526,0.2836645947900302,0.024408087335586127,0.08362779857983445,0.07292650711573703,0.28984665868872556,0.029196998113450598,0.08742808154507718,2,1
133,0.08,0.06163465216085826,0.3022130181185633,0.02078538930173708,0.23686651317666282,0.09324707437228329,0.30287391100134614,0.02405216795405681,0.30324474909956683,3,1
134,0.08,0.029079962379131345,0.0062567823722194564,0.014852482948303417,0.015729920077875353,0.03986172182279067,0.007225420007834015,0.022509139942331374,0.018388118031309117,4,1
135,0.08,0.03792953126993456,0.06948178298730386,0.04410484946940169,0.4164852364926268,0.05428881698729399,0.08325070958252584,0.056429070679550344,0.4904726029720507,5,1
136,0.08,0.03479482445446947,0.10593996688008858,0.035562070428190186,0.1590995767046317,0.04057816853116912,0.1098080441871262,0.04771465631982127,0.16681372277707715,6,1
137,0.08,0.03726612095231024,0.03524296273389219,0.09388864474816296,0.02016946786072054,0.04505064737794209,0.03808431271509131,0.11024947862354102,0.022630643165180424,7,1
138,0.08,0.04430688140753557,0.3192413781016984,0.0369711156438468,1.0726409816596438,0.06593724665389845,0.3224456191856991,0.043406742532537325,1.3488968172374252,8,1
139,0.08,0.030008096302584986,0.11606918086358117,0.031160670412547685,0.04317733419140177,0.03816652773207459,0.12408647730741025,0.03947000511750021,0.048050177190658246,9,1
140,0.08,0.053900470005067855,0.06579001431827425,0.035540284739682224,0.009910105824919009,0.07977320408703018,0.06970277060397292,0.04427291941186201,0.011101217605836588,0,2
141,0.08,0.029582029413733765,0.015099145209877271,0.06350917291181099,0.10970155693694343,0.03728977329638975,0.018667527203397833,0.0823337983689282,0.13701952186579042,1,2
142,0.08,0.05343228087080048,0.31665332360874365,0.028273884139125,0.09467545174304465,0.07657782499624208,0.32172476567175246,0.03292792088133777,0.1004530122153695,2,2
143,0.08,0.06154752307332313,0.2880258066988294,0.01659493480119081,1.3056142438250182,0.09227127410303906,0.28886925711086664,0.023298801213072595,1.6383226054576268,3,2
144,0.08,0.0238736443742682,0.004354364236520437,0.014852490387494994,0.015729918958519194,0.03574094355165774,0.00516475777792542,0.02250913347443603,0.018388116282151222,4,2
145,0.08,0.040859727472853345,0.08142979473828899,0.044104886704923366,0.4164841724664222,0.05706482678586657,0.1016884796642994,0.0564293512549755,0.49047175223867084,5,2
146,0.08,0.029586726787866557,0.08234366958584895,0.037573452558719335,0.26772139531413247,0.03803493972717463,0.08567172812342308,0.046058511831787635,0.31466948093711156,6,2
147,0.08,0.03344879178157665,0.03125765342841945,0.09388864474816296,0.02016946786072054,0.047205463375084265,0.03846108978940977,0.11024947862354102,0.022630643165180424,7,2
148,0.08,0.029870495852300397,0.03460044661420484,0.01848682635077479,0.05036358221704538,0.04040578932757063,0.03481799097263956,0.02294812539239277,0.05244648902899638,8,2
149,0.08,0.04008417550398722,0.030066115836148658,0.024016212091944593,0.09504968540721574,0.05073161860915044,0.03323148440443026,0.03409592544214408,0.10804685763594978,9,2
150,0.1,0.04268174380275478,0.03758867737767935,0.0423258005141949,0.013374132596796116,0.05520881645622404,0.04233050236301243,0.05518507179293647,0.020613558201285586,0,0
151,0.1,0.031585963413789914,0.1311357829347821,0.07547283755017484,0.10244094396354583,0.04152489036686402,0.14129539252415496,0.09283791700612809,0.10251350380573018,1,0
152,0.1,0.07449428453788007,0.45057462214297966,0.04652575721660925,0.09079776156496848,0.1198652525551126,0.45379463246619584,0.057731381440038455,0.09514482394927248,2,0
153,0.1,0.049369992659822115,0.19390836537760528,0.021474006295991877,0.26773171971457155,0.06962277912376394,0.1952128325624646,0.025249243975470292,0.33541960077578636,3,0
154,0.1,0.0287019784277942,0.0440222388440517,0.0430178834448864,0.40682379894387166,0.038597094169143316,0.04618599910483029,0.10033798607792406,0.5008748835181083,4,0
155,0.1,0.05234165347688556,0.11559892663596184,0.034593145014258815,0.046810543990814905,0.06306102508634792,0.13730650944354394,0.0535627029621485,0.051673187483974835,5,0
156,0.1,0.04117476504573229,0.08424580445587815,0.03753773290167211,0.12235287220194448,0.05366857530587814,0.08702408156194527,0.05160610257821068,0.13618985374892567,6,0
157,0.1,0.04295578818520469,0.05992825784468138,0.03623015803020727,0.08856739706716314,0.05415250578019974,0.06118826818634311,0.04001062688132645,0.09144684897134263,7,0
158,0.1,0.055940404962151705,0.29719933309557833,0.03630518254640346,1.076862156993047,0.07822812735971728,0.2996535896612649,0.042891337827961916,1.3475346163529671,8,0
159,0.1,0.04509641722445273,0.09581884235300468,0.037343234343860866,0.03356730889297156,0.06338470701851147,0.10241999362802875,0.04155517934600054,0.041218089826657686,9,0
160,0.1,0.04265260842950695,0.03981236307761659,0.0423258106915687,0.013374109161150375,0.054122882860245754,0.04641418919656291,0.05518508321088298,0.02061352947077281,0,1
161,0.1,0.03202867723080246,0.18842081534447935,0.08504885561511537,0.0993641380685849,0.042910416593601355,0.2093288696956214,0.09916899894987528,0.09942312188343531,1,1
162,0.1,0.09226404505472027,0.9663778842985143,0.046525711767001286,0.09079755964975637,0.19421020212138965,0.9794058104591475,0.057731352906310235,0.09514463165893802,2,1
163,0.1,0.030230262010616907,0.20637929122510956,0.02147400626347594,0.2677317191349177,0.04540154638185316,0.20726145953223243,0.02524924393691536,0.3354196002030685,3,1
164,0.1,0.02101119193441874,0.06930181611532708,0.009792446313731246,0.01404392283888585,0.027050406096949507,0.07342117344865468,0.015628972813610545,0.01629462082249183,4,1
165,0.1,0.05740750365666443,0.3948524236517353,0.03100330568505431,0.06565849924606214,0.08433004136207368,0.39593032747394197,0.05218582880343173,0.07183779518192131,5,1
166,0.1,0.0652151815286914,0.3764886799387555,0.03321610997374766,0.08463710534285121,0.09881125550745898,0.3784468880124518,0.04033829636297655,0.10286746959262984,6,1
167,0.1,0.02998976338529388,0.06527171362439356,0.036230158079413634,0.08856739712712905,0.041595136405468885,0.06669145530132495,0.04001062689757227,0.09144684902694451,7,1
168,0.1,0.0372794556406677,0.10922266514144992,0.03630518251556882,1.0768621783419652,0.04478322887850097,0.10953524702048445,0.04289133762811884,1.3475346426557668,8,1
169,0.1,0.04214175952950529,0.1258956249014794,0.037941787882586314,0.034112627438661294,0.05516715585940387,0.13234192198529324,0.042153123864617906,0.04179243427249061,9,1
170,0.1,0.0422980994424565,0.08449557329971452,0.04232577436463128,0.013374192984692345,0.05396667440231021,0.09281070709712753,0.055185042684376254,0.02061363228125419,0,2
171,0.1,0.030572596875895888,0.13495732412168335,0.08504888839403121,0.09936427267452277,0.0405174744509758,0.1480337622708312,0.099169020080625,0.09942325647581896,1,2
172,0.1,0.10276151247046227,0.9503591087580764,0.04488633406091522,0.051926521001333756,0.20764084253275375,0.9599747305794202,0.055538603128549545,0.056399518555201714,2,2
173,0.1,0.050490555998521876,0.246592262672641,0.03376095595343385,0.16605570606036726,0.07114989446415587,0.24709354993621893,0.042034162180389203,0.216850883411978,3,2
174,0.1,0.024381708909086117,0.10438218618365067,0.018956069572296903,0.015786175978676383,0.029201946037657682,0.11304071783498865,0.028170950583611822,0.01847701587372155,4,2
175,0.1,0.05304855863854549,0.3416129724623663,0.031003283753834508,0.06565861521954977,0.07740950217524631,0.34243875446260197,0.05218578542154062,0.07183790886677809,5,2
176,0.1,0.06091533181057671,0.25987250853754834,0.040061631738917386,0.243688861896047,0.09345100658334887,0.26031688213995846,0.04927338964895593,0.28475040981862343,6,2
177,0.1,0.02709025795804272,0.14849369427687437,0.057884841489266786,0.1028143536147135,0.033762314422580215,0.16284916471885091,0.06533826931857291,0.1273753826528711,7,2
178,0.1,0.03042190828984553,0.17573849211484086,0.03630518245474346,1.0768622281893232,0.040598738295413744,0.1906401767176712,0.04289133716262809,1.3475347041846386,8,2
179,0.1,0.05036701278567115,0.2441529482227535,0.03794157235532602,0.034112427446966596,0.060403157308078936,0.26199038769912686,0.042152903047356735,0.04179222419232161,9,2
180,0.12,0.04062807061655859,0.011862813936890223,0.05210048709185855,0.8723879362930641,0.04797373139979267,0.013412307185180126,0.05864004995674291,1.118096012463084,0,0
181,0.12,0.027835763039362946,0.10873492957985176,0.07602185062657592,0.13600562468162863,0.03824060570040842,0.1216055979174633,0.09261853244744746,0.13610029431973697,1,0
182,0.12,0.058254716803697024,0.48610625629547666,0.05109576254921845,0.3587426319294097,0.1067435376206763,0.49244302430807235,0.08287831573709858,0.3633776639303455,2,0
183,0.12,0.0670507926906349,0.3606670199583378,0.031258722589982815,0.3448212782254038,0.09783885718178034,0.3610446787672484,0.034336535729350845,0.4124782130116053,3,0
184,0.12,0.03642716979522718,0.13906218950019417,0.03341574899210805,0.10665475144216627,0.04273549461090747,0.14163107197740327,0.05788799508015949,0.10708762421389914,4,0
185,0.12,0.025698599967791714,0.05612451000334121,0.02568642563172565,0.11191939810718535,0.031799206749281723,0.06519422395525491,0.03980933939590712,0.11840755702532452,5,0
186,0.12,0.0605402167488217,0.23901614786216735,0.04357695639927457,0.03730627226081537,0.08065750641434827,0.24058566507525694,0.05284531644975872,0.03774854851825004,6,0
187,0.12,0.04148095741694031,0.0174746305319263,0.057575430809563184,0.10275107137577176,0.05425359950525839,0.018759436521250557,0.06525967840383481,0.12711880417031893,7,0
188,0.12,0.06382193606385828,0.3583927031721576,0.03667466731601457,0.9261802497554409,0.10053633520571095,0.35973422264675065,0.045352820039767275,1.1619826670467026,8,0
189,0.12,0.060603813780385395,0.3112366699473476,0.07293415969566687,0.8514674649950938,0.08370740056509933,0.31739989220725995,0.08195918320696875,0.9833023183851757,9,0
190,0.12,0.04088346977772694,0.006849354142980977,0.04460487341316547,0.05558804367944777,0.049183361113360156,0.008586552268980256,0.05150317983497915,0.05570680199566276,0,1
191,0.12,0.026481070926445794,0.0702441284749583,0.09209187642749488,0.038785748693421794,0.036533077530682044,0.07947378301411015,0.10729625190510328,0.04524541186184881,1,1
192,0.12,0.0822427399226083,0.5202644550855618,0.07946234004115053,0.47363524275263974,0.1336072219680791,0.5238604446253105,0.09735540246356443,0.49187727763728867,2,1
193,0.12,0.07748208053560837,0.32663493039365576,0.041892933980224326,5.913027336618621,0.10943283992975365,0.32753421809241356,0.05978644023594799,9.474986434428255,3,1
194,0.12,0.044844331210698946,0.048114648726541025,0.019154726244635205,0.079258280449276,0.06653308855125192,0.049081485626571594,0.03175199492084476,0.07983980028772848,4,1
195,0.12,0.0345991761612702,0.07908977306947247,0.02568642385523575,0.11191942725808797,0.048243115610575066,0.10181625368967535,0.03980933722570083,0.11840758699504743,5,1
196,0.12,0.0739996063499561,0.23695400393305022,0.027883795688326767,0.0857157498899399,0.0893995928804889,0.23889864214713796,0.04787103449395892,0.09223578599860152,6,1
197,0.12,0.03793375342000761,0.015388509943955516,0.05757543066938015,0.10275107134710079,0.05621369830651422,0.021084959233204515,0.06525967837549274,0.12711880405461692,7,1
198,0.12,0.07699751424729123,0.42101565446838024,0.03667463756285425,0.9261845170967665,0.11450117436183037,0.4233057523765002,0.045352719688135916,1.1619878719105414,8,1
199,0.12,0.06598392096014348,0.19707707954832915,0.07293415962709868,0.8514674705495485,0.08602322525208465,0.20209846699341014,0.08195918305503326,0.9833023240281735,9,1
200,0.12,0.040977420310106774,0.012409410022583948,0.036275963516160206,0.00955986711846298,0.04868572869971429,0.014240864374435674,0.04681640392359552,0.010772714525777213,0,2
201,0.12,0.03534606331216296,0.14686083325840843,0.09209187625818306,0.038785747104474876,0.04686467090357867,0.16112645686597302,0.10729625179521489,0.04524541032726052,1,2
202,0.12,0.08220706852050322,0.5352999591731654,0.07946233992915265,0.47363524161318515,0.1351477569805613,0.5393075877319733,0.09735540231191202,0.49187727650395124,2,2
203,0.12,0.07626081382722515,0.3114381713416239,0.03125872266673292,0.34482127871208607,0.10631929557280881,0.3124927839463362,0.03433653580510363,0.41247821350266894,3,2
204,0.12,0.04271714830051353,0.019485020806407943,0.032867170853145514,0.015797351462400498,0.06682963633228867,0.021370426326451322,0.04973837910016987,0.01849539315109623,4,2
205,0.12,0.03141669044460281,0.05986916648301667,0.027380234917903527,0.06806729690267332,0.042632616764568115,0.06797943721716693,0.03915382839309267,0.08077450246966171,5,2
206,0.12,0.08412539098921197,0.301713564376691,0.035900149009767825,0.16673297788858824,0.11603891600590492,0.3034882462509751,0.04779176027804385,0.1741663666319315,6,2
207,0.12,0.074622769312221,0.013357569430710856,0.057575430809563184,0.10275107137577176,0.09276295361593243,0.018629932888023316,0.06525967840383481,0.12711880417031893,7,2
208,0.12,0.049579160490089105,0.35901815020620037,0.03667463993611329,0.9261841766866025,0.08032086082669303,0.3621616548896334,0.045352727694027234,1.1619874567036061,8,2
209,0.12,0.07553275481433869,0.24186686593285914,0.0729341596969498,0.8514674648911676,0.09149640489666255,0.2457753866676883,0.08195918320981152,0.983302318279593,9,2
210,0.14,0.05953397773167853,0.08580486978482613,0.053478072215548726,0.03303626601379512,0.06968604259380293,0.08640315723669457,0.06627099383130981,0.034522222519003117,0,0
211,0.14,0.05069524146252573,0.0673994179084522,0.14003371027709077,0.32661785424079365,0.05953838423996296,0.06848147405490866,0.16951397650771957,0.3269590635194592,1,0
212,0.14,0.04975136634526865,0.26721079916542373,0.08508045018489589,0.21992481258296964,0.06686847355432894,0.2720211243652655,0.10446226814329589,0.23350449496996614,2,0
213,0.14,0.041871206590626854,0.031277136565742554,0.030292249702088724,0.33869275000918425,0.05276253035922761,0.040443537115405,0.03339573554822812,0.40629829136804946,3,0
214,0.14,0.07689708868836775,0.009381367884038988,0.02680544207427212,0.015795681787752362,0.11589479686420873,0.011751263346422682,0.04163125613530479,0.018492583196310048,4,0
215,0.14,0.131133760871188,0.1184767654146727,0.025297961038757737,0.12435374813545395,0.2044909610088783,0.14197264920005231,0.0400037156590001,0.13125758226525128,5,0
216,0.14,0.08399053377387666,0.36572194128133007,0.05038138517301256,0.2756296447362591,0.11523182420142723,0.36827064997523523,0.07648921313936846,0.27732828960664924,6,0
217,0.14,0.04903704043079978,0.016728807176508428,0.09115285299804476,0.012534876480849822,0.07778846135183315,0.020656701866424012,0.11175479066197765,0.017884360208674472,7,0
218,0.14,0.05063480877762077,0.12736737109934235,0.0377289273758603,1.4332818573444146,0.07580900093994189,0.13236022190264374,0.047566223755622805,1.7618952398214083,8,0
219,0.14,0.06386299351376606,0.36418381505932135,0.05750990048181693,0.4632878846448686,0.09502227305425055,0.42454048147666545,0.06875870527695603,0.5124180708253963,9,0
220,0.14,0.06191002834911911,0.10312119637941737,0.06647828485497922,0.09349668838294614,0.07330191129850568,0.10348458375295412,0.08083214220818019,0.09396907992907026,0,1
221,0.14,0.04923902438454399,0.0309871838627486,0.14003371027709077,0.32661785424079365,0.05859472768023567,0.036563736587570256,0.16951397650771957,0.3269590635194592,1,1
222,0.14,0.04554289336835488,0.23063602364765728,0.06013772543144795,0.11907091077853622,0.05690658615461355,0.23792097157280254,0.0755589787464905,0.12046961049486134,2,1
223,0.14,0.04219752657648145,0.09966647226329257,0.030292249433226625,0.33869274830429524,0.05030991895275526,0.10107131901533199,0.033395735290258806,0.4062982896499305,3,1
224,0.14,0.06459622216692844,0.12484689358991688,0.04022214414620491,0.015797351462400498,0.1066661644542468,0.131090360544367,0.08077792390145748,0.01849539315109623,4,1
225,0.14,0.053751828744869085,0.171790198077779,0.02529794351987537,0.12435248507153115,0.07254866002274069,0.20715267586516772,0.04000357190245615,0.13125627009983437,5,1
226,0.14,0.07040111527751498,0.4201925403682245,0.028110256710828167,0.02098301301763716,0.09565154025345748,0.4268195891474171,0.039928357190737916,0.022161188141059135,6,1
227,0.14,0.05072807617044214,0.03819616623248704,0.09115285299804476,0.012534876480849822,0.07881037993658471,0.038945949928413146,0.11175479066197765,0.017884360208674472,7,1
228,0.14,0.07838497644391952,0.014660914375220161,0.03772892668790695,1.4332820300177151,0.09368879021171997,0.015608998009220719,0.04756621917865997,1.7618954708328067,8,1
229,0.14,0.14438576238466014,0.4462343405371773,0.08173098352138722,0.11493970148595971,0.21146933326893744,0.44864389773596614,0.09993983710257608,0.1344829867068908,9,1
230,0.14,0.060480439228918624,0.08954533245244817,0.06245603005252272,0.8795056961829026,0.07039395875721118,0.08989399808910645,0.08132416171423153,1.1546019014161004,0,2
231,0.14,0.0513164043521183,0.05155079361703414,0.08523559151590278,0.15582858940555164,0.06129326001462131,0.05448365897351954,0.10165022559433394,0.1558886476040296,1,2
232,0.14,0.05941858160439485,0.4330519871945577,0.0850804503848482,0.21992481284642298,0.0974051381111171,0.4383917431891766,0.10446226817731545,0.2335044952234823,2,2
233,0.14,0.05688334062941961,0.09103957304248074,0.03029224965369446,0.3386927497023099,0.06585523595529547,0.10602438659393598,0.03339573550179451,0.40629829105879384,3,2
234,0.14,0.07547988261756192,0.021359895825775615,0.040221896756219816,0.015797351462400498,0.09780331753050134,0.021402882899272065,0.08077770550565776,0.01849539315109623,4,2
235,0.14,0.055660610169647136,0.059900538176645014,0.025297993211692675,0.12435606814694906,0.07295637241414384,0.06733759837548474,0.04000397978347368,0.13125999247071488,5,2
236,0.14,0.08033135881192893,0.30778458284355237,0.05038139957278886,0.2756296447362591,0.10413816538218915,0.3100564489057168,0.07648922643649776,0.27732828960664924,6,2
237,0.14,0.054651562533484715,0.03750610616691984,0.09115285299804476,0.012534876480849822,0.08391606744656517,0.041953174862705195,0.11175479066197765,0.017884360208674472,7,2
238,0.14,0.08274094060187137,0.10134843436089669,0.03772892737121157,1.4332818585112237,0.10948577801308987,0.1047594922633916,0.04756622372469478,1.7618952413824263,8,2
239,0.14,0.057059054942566176,0.010565691667262664,0.057509900283028485,0.46328787795900683,0.09256008101816524,0.01146131823232219,0.0687587048154649,0.5124180638783665,9,2
240,0.16,0.03365805396663076,0.13631647443698774,0.11213930078837703,0.30529659561320727,0.043180948062331574,0.14579846580244146,0.12529094847561065,0.31233859463763236,0,0
241,0.16,0.0358334590012426,0.31069665025007787,0.03397734980019487,0.3364539809042036,0.04531610382689234,0.3281807019948094,0.04360713140310819,0.35338638506649894,1,0
242,0.16,0.04754354863525415,0.12034718082138915,0.039613681801405676,0.2980355441938878,0.06052333366259193,0.14798526111522672,0.046492173211271956,0.3314089736681015,2,0
243,0.16,0.0696696309497,0.4710447768180329,0.057360225073310615,0.4138910408478557,0.09660584831007456,0.4881087665991677,0.0802368835556251,0.4235280085078585,3,0
244,0.16,0.061966348945741365,0.13077290398632735,0.03197766114655704,0.050509448460157445,0.07182468840311457,0.14921981543973742,0.03441804516098165,0.058837295612924806,4,0
245,0.16,0.08485103816276172,0.06786334274332032,0.009054178875238208,0.14282594016915703,0.11077551266084996,0.07892545551304365,0.011643975285810598,0.16690136306327932,5,0
246,0.16,0.10238757145072443,0.38034761646992366,0.11322597012551183,0.18710131434168437,0.1253965294911936,0.38441970053966157,0.13942172692275387,0.19232984884627383,6,0
247,0.16,0.11105845906393733,0.6837267504181276,0.027688116603401872,0.03161079894698925,0.15703008730614942,0.6952668776250867,0.03385352416888125,0.03551760730521683,7,0
248,0.16,0.059955681287225414,0.11451241862276836,0.09980072723154555,0.15440838105452212,0.08217003223768884,0.13172045190992504,0.11369478442931855,0.1704267953645382,8,0
249,0.16,0.16395309316259782,0.8751355302737392,0.04307590600133694,0.04331579927496742,0.26365008535649326,0.8777933632793627,0.053509251897069156,0.043721374766669874,9,0
250,0.16,0.02688126100231363,0.040972290214683,0.11213930078837703,0.30529659561320727,0.037730328619521934,0.046916943762003296,0.12529094847561065,0.31233859463763236,0,1
251,0.16,0.019535749720450645,0.17239775900367388,0.03397734980019487,0.3364539809042036,0.0230301806771415,0.18806289762531692,0.04360713140310819,0.35338638506649894,1,1
252,0.16,0.039122720308482815,0.08342243191240122,0.03961368178215493,0.29803554437118124,0.04980261497544474,0.10369713407306344,0.04649217318364586,0.3314089738413139,2,1
253,0.16,0.03564924275711117,0.269845108150944,0.057360225073310615,0.4138910408478557,0.04542891715843247,0.28061536551007715,0.0802368835556251,0.4235280085078585,3,1
254,0.16,0.052401824788675146,0.2367831818674297,0.030366645886148482,0.03995110198003895,0.06463837228088751,0.25814021104489415,0.034155712200018055,0.04556255830492515,4,1
255,0.16,0.0447171949652443,0.3783299022930101,0.009054178875238208,0.14282594016915703,0.06028597018112452,0.39917705947799853,0.011643975285810598,0.16690136306327932,5,1
256,0.16,0.06749581951555349,0.03176926159198684,0.11322597012551183,0.18710131434168437,0.08358388186257594,0.03558243962775498,0.13942172692275387,0.19232984884627383,6,1
257,0.16,0.0663429723384281,0.2890669916887632,0.02768811664620437,0.031610798983422554,0.09536178343873555,0.3068951029462973,0.03385352421251772,0.035517607343159265,7,1
258,0.16,0.056282300126181656,0.02605746825361826,0.09980072723154555,0.15440838105452212,0.0789326695615542,0.028966486918583795,0.11369478442931855,0.1704267953645382,8,1
259,0.16,0.08931152148544222,0.8932908291843153,0.04307590600133694,0.04331579927496742,0.1417854835660378,0.923004358367861,0.053509251897069156,0.043721374766669874,9,1
260,0.16,0.03379488329355128,0.1330842747167018,0.11213930078837703,0.30529659561320727,0.04352600003295569,0.1423482437012271,0.12529094847561065,0.31233859463763236,0,2
261,0.16,0.04387881838587963,0.40691960087881235,0.03397734980019487,0.3364539809042036,0.06618797212259825,0.4235597970572105,0.04360713140310819,0.35338638506649894,1,2
262,0.16,0.06678726233292419,0.28248902109655977,0.03961368170823149,0.29803554515962577,0.08678021640154897,0.29817230361422586,0.04649217309331617,0.3314089746052123,2,2
263,0.16,0.12559791693982597,0.7959815120085706,0.057360225073310615,0.4138910408478557,0.2028303347396112,0.8031936849079694,0.0802368835556251,0.4235280085078585,3,2
264,0.16,0.05520678913751451,0.053141355358451076,0.03197766202963957,0.05050944931994918,0.0692221989134143,0.06222104522591344,0.03441804596355654,0.058837296452920726,4,2
265,0.16,0.04299098051951618,0.06267147869073086,0.009054178875238208,0.14282594016915703,0.07589677304085796,0.07450249494078752,0.011643975285810598,0.16690136306327932,5,2
266,0.16,0.0780165322032061,0.06952292040251067,0.11322597012551183,0.18710131434168437,0.09588387759724579,0.08194089065916234,0.13942172692275387,0.19232984884627383,6,2
267,0.16,0.1280197583643995,0.8139842802937635,0.027688116689077433,0.03161079901991594,0.17871213862869512,0.8260961057324111,0.03385352425622612,0.03551760738116425,7,2
268,0.16,0.06430720259108627,0.20461100041934083,0.09980072723154555,0.15440838105452212,0.0846589935059422,0.21595837460452763,0.11369478442931855,0.1704267953645382,8,2
269,0.16,0.1194834180687505,0.3983359085092387,0.04307590600133694,0.04331579927496742,0.15363420215673768,0.402309577868914,0.053509251897069156,0.043721374766669874,9,2
270,0.18,0.1835036742873412,0.09958723581516099,0.13713028712716233,0.7362959260681627,0.2403994322343692,0.10452112733531174,0.175156226155967,0.7522722221430784,0,0
271,0.18,0.08973704211598729,0.032768775990472204,0.13524453594598693,0.2942128896083435,0.11399795785667308,0.040759433815217204,0.16347185404839792,0.29459163416559,1,0
272,0.18,0.051610915949307966,0.01733814428298796,0.07709224920921921,0.3682431208089102,0.06846095712826789,0.019974801886808124,0.09565652364292904,0.3882635939585551,2,0
273,0.18,0.06275410875485227,0.11182519377365481,0.08534105130693038,0.2395570758793525,0.08116036242075042,0.13166363734520298,0.09795999609768574,0.2403306215488864,3,0
274,0.18,0.07941100319628486,0.20000691205909785,0.0430178834448864,0.40682379894387166,0.11541975600021527,0.2001857589243075,0.10033798607792406,0.5008748835181083,4,0
275,0.18,0.07474659245732326,0.0889620867389572,0.12146590637600113,0.02587546519068343,0.09038739520086023,0.11282627007046034,0.13069930309139563,0.027130331975483975,5,0
276,0.18,0.10943585267080969,0.47220307739894274,0.051560629942283345,0.2756296447362591,0.16490260331804277,0.4731784603730097,0.07684159523791927,0.27732828960664924,6,0
277,0.18,0.09117464259659153,0.009215354458328998,0.10744538375332913,0.060505794695871605,0.11874448770733405,0.010162610295768376,0.121210026568106,0.06224800814194226,7,0
278,0.18,0.09483789813967251,0.2611060421182446,0.059280194766270805,0.37684638249334507,0.12746230335701486,0.26598308169829044,0.07462121910174228,0.4992953138969955,8,0
279,0.18,0.08037632754565954,0.04489294292678253,0.07484607482391185,1.004899712164868,0.10805849152561228,0.05315158811881382,0.08608707755035108,1.1397781781844292,9,0
280,0.18,0.09662487017575801,0.12626901936170473,0.13713028712716233,0.7362959260681627,0.10705407795257753,0.12655376139927307,0.175156226155967,0.7522722221430784,0,1
281,0.18,0.08416178086712134,0.0778578888194307,0.13524453594598693,0.2942128896083435,0.11010316900734102,0.09225826861890525,0.16347185404839792,0.29459163416559,1,1
282,0.18,0.08160837050954517,0.5119408484500336,0.07709224955197652,0.36824312494905553,0.12562833056637815,0.5174857090239391,0.09565652357558083,0.3882635980750901,2,1
283,0.18,0.07406169780125191,0.03485764804466916,0.08534105130693038,0.2395570758793525,0.08828924144644204,0.03935201858587784,0.09795999609768574,0.2403306215488864,3,1
284,0.18,0.08234861819349451,0.28550994693010245,0.0430178834448864,0.40682379894387166,0.12342374085162243,0.28662989038418646,0.10033798607792406,0.5008748835181083,4,1
285,0.18,0.08929897327452727,0.06680292908521793,0.12146590932958888,0.02587552081733662,0.10939526351053787,0.08692821417390655,0.13069930531047633,0.027130393344060432,5,1
286,0.18,0.1453557476064516,1.4739642364870897,0.040041659883790506,0.24385899905946953,0.2580293862686659,1.4951066032245728,0.04923284848439206,0.28494855866849517,6,1
287,0.18,0.11162863248245099,0.08996209192855482,0.10744538375332913,0.060505794695871605,0.13512664917447922,0.09152034523968755,0.121210026568106,0.06224800814194226,7,1
288,0.18,0.14426990002928244,0.3294470650408268,0.059280194756743766,0.37684638172752305,0.1990852778974877,0.3308614194906158,0.07462121910714783,0.499295312961954,8,1
289,0.18,0.10775618219846421,0.05331918432786621,0.0748460748139759,1.004899711814623,0.13749831310339222,0.06783587163453954,0.08608707752283601,1.1397781778260594,9,1
290,0.18,0.09687346059457089,0.10493914660541619,0.13713028712716233,0.7362959260681627,0.10693090925044961,0.10667105150573646,0.175156226155967,0.7522722221430784,0,2
291,0.18,0.08837366917080083,0.028130595402179357,0.13524453594598693,0.2942128896083435,0.11296728780628948,0.03582474537903079,0.16347185404839792,0.29459163416559,1,2
292,0.18,0.09449796022099254,0.5811166575278942,0.07709224907235411,0.3682431204315923,0.13143313323504557,0.5903659228750637,0.09565652356336315,0.388263593568065,2,2
293,0.18,0.07486429412959529,0.11062102125165481,0.08534105130693038,0.2395570758793525,0.09058648136890643,0.14371845953455828,0.09795999609768574,0.2403306215488864,3,2
294,0.18,0.05346709102837873,0.2326199457819655,0.0430178834448864,0.40682379894387166,0.08113447584037088,0.23642784350337367,0.10033798607792406,0.5008748835181083,4,2
295,0.18,0.11191886415111872,0.6820529260793365,0.07062511627461171,0.14715124478514113,0.1527998399177809,0.6859761043004403,0.08165833177456835,0.15169692203079715,5,2
296,0.18,0.09093490405299456,1.5414037465580255,0.04004167316602798,0.24385888609770368,0.14726365802768254,1.610058160315434,0.049232875356340626,0.2849484269368108,6,2
297,0.18,0.14658747282814258,1.4308512554061141,0.10744538375332913,0.060505794695871605,0.19620789187528564,1.6284703541850676,0.121210026568106,0.06224800814194226,7,2
298,0.18,0.08633207761683548,0.3775902476059979,0.05928019475222082,0.3768463813639519,0.11456632445768715,0.4329112057610439,0.0746212191097141,0.49929531251804654,8,2
299,0.18,0.08132546797935968,0.1287682163970408,0.07484607483833706,1.0048997126733608,0.12164167373755164,0.1449244517359087,0.08608707759029803,1.1397781787047179,9,2
300,0.2,0.08978487445201824,0.08999286334415799,0.04533227220156168,0.06816625430381014,0.11719188257946135,0.09003893196036293,0.05203369402263901,0.06820676169440064,0,0
301,0.2,0.08636885273859723,0.22189256820336786,0.09992564322438931,0.00878517303031687,0.12033859309715178,0.22198952338444847,0.12873900188849824,0.009628766896629542,1,0
302,0.2,0.10090906970481313,0.2277090976452464,0.0718192266138449,0.3756535266828389,0.1152305361501176,0.23740678132554505,0.09409027432649142,0.3938033605678723,2,0
303,0.2,0.07431804664859555,0.11446929050400977,0.08076460442203118,0.25329914912804014,0.09442357914600204,0.11609854052206828,0.09722257084683389,0.2540308524553609,3,0
304,0.2,0.0751578340905756,0.012557496140592539,0.0430178834448864,0.40682379894387166,0.09693359845810683,0.015461361110896975,0.10033798607792406,0.5008748835181083,4,0
305,0.2,0.13406671185125912,0.38130274836692885,0.026065951779820608,0.14132472438300314,0.16121593065032,0.3892731693133602,0.04456435329594096,0.14902491484649324,5,0
306,0.2,0.21497144021582626,1.2629831071711082,0.05959189887177974,1.071174239575204e+32,0.3287877089377228,1.266874016943509,0.11885191646369705,4.9084833463020496e+32,6,0
307,0.2,0.1716631738150557,0.8230395772752805,0.09417800074149585,0.021039313553010416,0.23732199483362473,0.8257365564761457,0.11034326355481291,0.0235906537402935,7,0
308,0.2,0.12208729631543705,0.14843064777298368,0.051298079057433804,0.05158994213646035,0.16601939744396427,0.14905760893327555,0.05734362570149974,0.05297418811582587,8,0
309,0.2,0.0913586921276788,0.1064677432669799,0.08088340764022305,0.12731572920390963,0.13526913098018292,0.11578504336967746,0.09768402617345143,0.14294531623418508,9,0
310,0.2,0.05085977465318932,0.16709120695663826,0.06940361202610078,0.3227266055255435,0.05775852148946244,0.1732797239089048,0.08509907246125664,0.34037767456649226,0,1
311,0.2,0.07626639033958008,0.23407245429382548,0.09145895648863464,0.06625605610736697,0.09082212923732903,0.25744685040193055,0.11301491378405917,0.07835365408949592,1,1
312,0.2,0.08111471692003971,0.34148532752334965,0.09045756481410124,0.33852115793210774,0.10271859142954315,0.3459421342860675,0.1034652157461207,0.3559826193634339,2,1
313,0.2,0.051230981430408946,0.05434398516124181,0.07872101972149449,0.26091431247041963,0.06569595129487157,0.06812652675905165,0.0976478723340948,0.2616247188285541,3,1
314,0.2,0.15739588397274115,0.7688490165081332,0.0430178834448864,0.40682379894387166,0.23836287296977363,0.7713219050509289,0.10033798607792406,0.5008748835181083,4,1
315,0.2,0.04663890554829657,0.07191086576001501,0.03841483727917523,0.16418200281757095,0.06363104546604208,0.0937596054929823,0.05825495160597629,0.17235660952250229,5,1
316,0.2,0.07784161150899593,0.028917781406608695,0.051417988694952316,0.2756296447362591,0.09825673263616795,0.034263868372896994,0.07598588602886217,0.27732828960664924,6,1
317,0.2,0.20453253008852315,1.6823118229636396,0.10017443175828009,0.04074963322893981,0.3639255414959703,1.6913762304734627,0.11431874554939019,0.043294294475755786,7,1
318,0.2,0.1811317249443082,1.5777188481540225,0.04272650342386827,1.8817253367847924,0.29430982660366006,1.5933401367980888,0.051644507086720255,2.370059841978861,8,1
319,0.2,0.08422521398846633,0.06391442996664166,0.07656942228734356,0.7228416187383173,0.11576642413734402,0.07550149881447989,0.09091222966732149,0.8531873049492776,9,1
320,0.2,0.05278637588813274,0.1257120720215806,0.15391027813181568,0.9294216915283909,0.06119821891603371,0.1257553176706826,0.193977638307471,0.9751967723657213,0,2
321,0.2,0.038432470697262675,0.2051351155134869,0.13426637573205188,0.2725392938107157,0.047028878212031326,0.21437919028647076,0.16294006853943765,0.27294811444577716,1,2
322,0.2,0.12446441332245498,1.8894223489313393,0.0744281934717162,0.4264585654211259,0.27620451165119886,1.9442602042215802,0.09305938346655143,0.44479893509579493,2,2
323,0.2,0.05824226939643951,0.31112080876398945,0.07258072216092562,0.29464259328417064,0.06929856923940193,0.39309621343551454,0.10628559564896392,0.29527186257317073,3,2
324,0.2,0.07221276647886692,0.693062176365244,0.0430178834448864,0.40682379894387166,0.0850601326496864,0.739231177339735,0.10033798607792406,0.5008748835181083,4,2
325,0.2,0.05991820710297328,0.04115212087592161,0.02569985402621808,0.11169832931746691,0.07784728181461813,0.04977055193070284,0.03982611711374704,0.11818029934406857,5,2
326,0.2,0.1381114196092271,0.4651828532458062,0.04792849935258593,0.2756296447362591,0.1688705751458271,0.47001650093443814,0.07442930030898728,0.27732828960664924,6,2
327,0.2,0.09114009843215043,0.18220746380532782,0.09538044096656044,0.024869231633717077,0.11741358926437852,0.1839147736712265,0.11088081321169829,0.02781836121601488,7,2
328,0.2,0.11183918528764807,0.20949646646421677,0.07076693554827886,1.2384187159294917,0.1357491650495285,0.2170069407547334,0.07684159170325376,1.5030481262526028,8,2
329,0.2,0.10271205429319309,0.16509445356013253,0.046095593357547,0.056775695298650126,0.1412626660759515,0.17113943937693069,0.056026226056695175,0.057005871358096025,9,2
