,x1,y,rep
0,-4.0,0.0,0.0
1,-3.95,0.0003437053177130052,0.0
2,-3.9000000000000004,0.0007109385634349016,0.0
3,-3.8500000000000005,0.0011024732824151467,0.0
4,-3.8000000000000007,0.0015190923398219554,0.0
5,-3.750000000000001,0.001961589531670106,0.0
6,-3.700000000000001,0.002430771591611537,0.0
7,-3.6500000000000012,0.0029274606546364716,0.0
8,-3.6000000000000014,0.0034524972527753034,0.0
9,-3.5500000000000016,0.0040067439358478845,0.0
10,-3.5000000000000018,0.004591089633077611,0.0
11,-3.450000000000002,0.005206454900093767,0.0
12,-3.400000000000002,0.005853798231874902,0.0
13,-3.3500000000000023,0.006534123667169065,0.0
14,-3.3000000000000025,0.0072484899659503695,0.0
15,-3.2500000000000027,0.007998021711024312,0.0
16,-3.200000000000003,0.00878392277111721,0.0
17,-3.150000000000003,0.009607492669534408,0.0
18,-3.100000000000003,0.010470146534596481,0.0
19,-3.0500000000000034,0.011373439471624705,0.0
20,-3.0000000000000036,0.012319096398916384,0.0
21,-2.9500000000000037,0.013309048641651722,0.0
22,-2.900000000000004,0.01434547889045911,0.0
23,-2.850000000000004,0.015430876521379113,0.0
24,-2.8000000000000043,0.016568105761918427,0.0
25,-2.7500000000000044,0.017760489800625168,0.0
26,-2.7000000000000046,0.019011914710346196,0.0
27,-2.650000000000005,0.020326958034330243,0.0
28,-2.600000000000005,0.021711048130856673,0.0
29,-2.550000000000005,0.023170661967402886,0.0
30,-2.5000000000000053,0.02471357110801996,0.0
31,-2.4500000000000055,0.026349148292599663,0.0
32,-2.4000000000000057,0.028088750458474292,0.0
33,-2.350000000000006,0.029946198563644062,0.0
34,-2.300000000000006,0.03193838048498796,0.0
35,-2.250000000000006,0.03408601104678044,0.0
36,-2.2000000000000064,0.03641459349347985,0.0
37,-2.1500000000000066,0.038955640242284026,0.0
38,-2.1000000000000068,0.04174822851907228,0.0
39,-2.050000000000007,0.04484098965751304,0.0
40,-2.000000000000007,0.048294660644301074,0.0
41,-1.9500000000000073,0.052185363849606085,0.0
42,-1.9000000000000075,0.056608825579902676,0.0
43,-1.8500000000000076,0.06168579292400571,0.0
44,-1.8000000000000078,0.06756895125664246,0.0
45,-1.750000000000008,0.07445165705055204,0.0
46,-1.7000000000000082,0.08257872837085331,0.0
47,-1.6500000000000083,0.09225926902146207,0.0
48,-1.6000000000000085,0.10388083397615662,0.0
49,-1.5500000000000087,0.11792281115245185,0.0
50,-1.5000000000000089,0.1349641456127819,0.0
51,-1.450000000000009,0.1556758378698729,0.0
52,-1.4000000000000092,0.18078189216684443,0.0
53,-1.3500000000000094,0.21096561630620891,0.0
54,-1.3000000000000096,0.2466985818851335,0.0
55,-1.2500000000000098,0.2879916023761817,0.0
56,-1.20000000000001,0.3341251414832339,0.0
57,-1.1500000000000101,0.38349708589301845,0.0
58,-1.1000000000000103,0.4337557063673032,0.0
59,-1.0500000000000105,0.4822707670375558,0.0
60,-1.0000000000000107,0.5267640078390321,0.0
61,-0.9500000000000108,0.5657802382906206,0.0
62,-0.900000000000011,0.5987948757019851,0.0
63,-0.8500000000000112,0.6260072746581148,0.0
64,-0.8000000000000114,0.6480196520358591,0.0
65,-0.7500000000000115,0.6655717885723096,0.0
66,-0.7000000000000117,0.679392359946427,0.0
67,-0.6500000000000119,0.6901462914509019,0.0
68,-0.6000000000000121,0.6984330344673126,0.0
69,-0.5500000000000123,0.7048010145370404,0.0
70,-0.5000000000000124,0.7097616259733569,0.0
71,-0.4500000000000126,0.7137988035505529,0.0
72,-0.4000000000000128,0.7173756504945232,0.0
73,-0.35000000000001297,0.7209404547464687,0.0
74,-0.30000000000001315,0.72493329688501,0.0
75,-0.2500000000000133,0.7297927577639811,0.0
76,-0.2000000000000135,0.735960399611805,0.0
77,-0.15000000000001368,0.7438786459554514,0.0
78,-0.10000000000001386,0.7539752920646767,0.0
79,-0.05000000000001403,0.7666254851035625,0.0
80,-1.4210854715202004e-14,0.7820813185539686,0.0
81,0.04999999999998561,0.8003644708524288,0.0
82,0.09999999999998543,0.8211357894824677,0.0
83,0.14999999999998526,0.8435923559053907,0.0
84,0.19999999999998508,0.8664828653153159,0.0
85,0.2499999999999849,0.8883233488991984,0.0
86,0.2999999999999847,0.9077818090497981,0.0
87,0.34999999999998455,0.9240404000402948,0.0
88,0.39999999999998437,0.9369234188606215,0.0
89,0.4499999999999842,0.946760623631482,0.0
90,0.499999999999984,0.9541368324353832,0.0
91,0.5499999999999838,0.9596842719803491,0.0
92,0.5999999999999837,0.9639702721820131,0.0
93,0.6499999999999835,0.9674568961615855,0.0
94,0.6999999999999833,0.9704956137246757,0.0
95,0.7499999999999831,0.9733346041190996,0.0
96,0.799999999999983,0.9761300833765971,0.0
97,0.8499999999999828,0.9789595120357097,0.0
98,0.8999999999999826,0.9818362640179141,0.0
99,0.9499999999999824,0.9847253208806027,0.0
100,0.9999999999999822,0.987559262662594,0.0
101,1.049999999999982,0.9902537032212494,0.0
102,1.0999999999999819,0.9927213853292456,0.0
103,1.1499999999999817,0.9948842963992314,0.0
104,1.1999999999999815,0.9966832736914765,0.0
105,1.2499999999999813,0.9980845998149543,0.0
106,1.2999999999999812,0.9990831195795116,0.0
107,1.349999999999981,0.9997015811542994,0.0
108,1.3999999999999808,0.9999863185114375,0.0
109,1.4499999999999806,0.999999999999999,0.0
110,1.4999999999999805,0.9998127599933754,0.0
111,1.5499999999999803,0.9994933432119877,0.0
112,1.59999999999998,0.9991017664259157,0.0
113,1.64999999999998,0.9986844840041285,0.0
114,1.6999999999999797,0.9982723453362462,0.0
115,1.7499999999999796,0.9978810073711947,0.0
116,1.7999999999999794,0.9975130839065763,0.0
117,1.8499999999999792,0.997161211082377,0.0
118,1.899999999999979,0.9968113186774546,0.0
119,1.9499999999999789,0.9964456126015881,0.0
120,1.9999999999999787,0.9960450021867576,0.0
121,2.0499999999999785,0.9955908904977822,0.0
122,2.0999999999999783,0.9950663673154395,0.0
123,2.149999999999978,0.9944569071923713,0.0
124,2.199999999999978,0.9937506943507478,0.0
125,2.249999999999978,0.9929386890113074,0.0
126,2.2999999999999776,0.9920145297121428,0.0
127,2.3499999999999774,0.9909743425404547,0.0
128,2.3999999999999773,0.9898165062242869,0.0
129,2.449999999999977,0.9885414040845991,0.0
130,2.499999999999977,0.9871511805011302,0.0
131,2.5499999999999767,0.9856495104107836,0.0
132,2.5999999999999766,0.9840413846452264,0.0
133,2.6499999999999764,0.9823329107555547,0.0
134,2.699999999999976,0.9805311275778397,0.0
135,2.749999999999976,0.9786438315198382,0.0
136,2.799999999999976,0.9766794129063342,0.0
137,2.8499999999999757,0.9746467013585375,0.0
138,2.8999999999999755,0.9725548198681417,0.0
139,2.9499999999999753,0.9704130478169319,0.0
140,2.999999999999975,0.9682306936149538,0.0
141,3.049999999999975,0.9660169778602872,0.0
142,3.0999999999999748,0.963780927970608,0.0
143,3.1499999999999746,0.9615312851305039,0.0
144,3.1999999999999744,0.9592764241784476,0.0
145,3.2499999999999742,0.9570242867656359,0.0
146,3.299999999999974,0.9547823277950097,0.0
147,3.349999999999974,0.9525574748263008,0.0
148,3.3999999999999737,0.950356099837782,0.0
149,3.4499999999999735,0.9481840024855501,0.0
150,3.4999999999999734,0.9460464038069749,0.0
151,3.549999999999973,0.9439479491803481,0.0
152,3.599999999999973,0.9418927192764684,0.0
153,3.649999999999973,0.9398842477148845,0.0
154,3.6999999999999726,0.9379255441602741,0.0
155,3.7499999999999725,0.936019121654293,0.0
156,3.7999999999999723,0.9341670270660106,0.0
157,3.849999999999972,0.932370873651119,0.0
158,3.899999999999972,0.9306318748285437,0.0
159,3.9499999999999718,0.9289508784061599,0.0
0,-4.0,0.9999999999999988,1.0
1,-3.95,0.9984457562242156,1.0
2,-3.9000000000000004,0.9967903152355266,1.0
3,-3.8500000000000005,0.9950268351035284,1.0
4,-3.8000000000000007,0.9931479765969821,1.0
5,-3.750000000000001,0.9911458623830759,1.0
6,-3.700000000000001,0.9890120323952343,1.0
7,-3.6500000000000012,0.9867373949826043,1.0
8,-3.6000000000000014,0.9843121734186835,1.0
9,-3.5500000000000016,0.9817258473099039,1.0
10,-3.5000000000000018,0.9789670884085538,1.0
11,-3.450000000000002,0.9760236902999656,1.0
12,-3.400000000000002,0.9728824914042199,1.0
13,-3.3500000000000023,0.9695292907116976,1.0
14,-3.3000000000000025,0.965948755665483,1.0
15,-3.2500000000000027,0.962124321620185,1.0
16,-3.200000000000003,0.95803808235784,1.0
17,-3.150000000000003,0.9536706712435079,1.0
18,-3.100000000000003,0.9490011327784017,1.0
19,-3.0500000000000034,0.9440067845876554,1.0
20,-3.0000000000000036,0.9386630703048239,1.0
21,-2.9500000000000037,0.9329434044418884,1.0
22,-2.900000000000004,0.9268190112362943,1.0
23,-2.850000000000004,0.9202587607430359,1.0
24,-2.8000000000000043,0.913229007216484,1.0
25,-2.7500000000000044,0.9056934372642607,1.0
26,-2.7000000000000046,0.8976129385539772,1.0
27,-2.650000000000005,0.8889455042542065,1.0
28,-2.600000000000005,0.8796461941720802,1.0
29,-2.550000000000005,0.8696671810120828,1.0
30,-2.5000000000000053,0.8589579196116212,1.0
31,-2.4500000000000055,0.8474654886163728,1.0
32,-2.4000000000000057,0.8351351678520417,1.0
33,-2.350000000000006,0.821911330251145,1.0
34,-2.300000000000006,0.8077387435513751,1.0
35,-2.250000000000006,0.7925643919669464,1.0
36,-2.2000000000000064,0.776339937931852,1.0
37,-2.1500000000000066,0.7590249429777419,1.0
38,-2.1000000000000068,0.7405909464647741,1.0
39,-2.050000000000007,0.7210264504685295,1.0
40,-2.000000000000007,0.7003427668140688,1.0
41,-1.9500000000000073,0.6785805385621687,1.0
42,-1.9000000000000075,0.6558165524517506,1.0
43,-1.8500000000000076,0.6321702283682403,1.0
44,-1.8000000000000078,0.6078089529538273,1.0
45,-1.750000000000008,0.5829512962390503,1.0
46,-1.7000000000000082,0.557867209459536,1.0
47,-1.6500000000000083,0.532874605257818,1.0
48,-1.6000000000000085,0.5083321561249448,1.0
49,-1.5500000000000087,0.48462821950829804,1.0
50,-1.5000000000000089,0.462164375953112,1.0
51,-1.450000000000009,0.44132730432092726,1.0
52,-1.4000000000000092,0.42243292267823596,1.0
53,-1.3500000000000094,0.4056141969267766,1.0
54,-1.3000000000000096,0.3906258076903037,1.0
55,-1.2500000000000098,0.3766048914940763,1.0
56,-1.20000000000001,0.36202870104792484,1.0
57,-1.1500000000000101,0.3453550894609396,1.0
58,-1.1000000000000103,0.32646908482253906,1.0
59,-1.0500000000000105,0.30748953970242493,1.0
60,-1.0000000000000107,0.29095230817929685,1.0
61,-0.9500000000000108,0.2767979406049125,1.0
62,-0.900000000000011,0.26189367574509465,1.0
63,-0.8500000000000112,0.2425082942194433,1.0
64,-0.8000000000000114,0.21727853279728962,1.0
65,-0.7500000000000115,0.1885490853208555,1.0
66,-0.7000000000000117,0.16120676044395668,1.0
67,-0.6500000000000119,0.14002529013908258,1.0
68,-0.6000000000000121,0.12778644681371618,1.0
69,-0.5500000000000123,0.12517780937342962,1.0
70,-0.5000000000000124,0.13163460099807467,1.0
71,-0.4500000000000126,0.14610270784415014,1.0
72,-0.4000000000000128,0.16739353393328718,1.0
73,-0.35000000000001297,0.19423140004892145,1.0
74,-0.30000000000001315,0.22516794461601847,1.0
75,-0.2500000000000133,0.25849616156029753,1.0
76,-0.2000000000000135,0.29224748672598827,1.0
77,-0.15000000000001368,0.3243032137921124,1.0
78,-0.10000000000001386,0.35259182240179693,1.0
79,-0.05000000000001403,0.3752981056489289,1.0
80,-1.4210854715202004e-14,0.3910086017730007,1.0
81,0.04999999999998561,0.3987637569087104,1.0
82,0.09999999999998543,0.3980470915986474,1.0
83,0.14999999999998526,0.3887737367697696,1.0
84,0.19999999999998508,0.3713256697063671,1.0
85,0.2499999999999849,0.346628699110907,1.0
86,0.2999999999999847,0.31620718692177857,1.0
87,0.34999999999998455,0.2821256690665542,1.0
88,0.39999999999998437,0.24676087011905024,1.0
89,0.4499999999999842,0.21243610228106394,1.0
90,0.499999999999984,0.18103892488720472,1.0
91,0.5499999999999838,0.15376446514171493,1.0
92,0.5999999999999837,0.13106135570102348,1.0
93,0.6499999999999835,0.1127568127179812,1.0
94,0.6999999999999833,0.09827376619388203,1.0
95,0.7499999999999831,0.08685183077740785,1.0
96,0.799999999999983,0.07771952899748752,1.0
97,0.8499999999999828,0.07020212806824007,1.0
98,0.8999999999999826,0.06377169600823777,1.0
99,0.9499999999999824,0.058054697830339314,1.0
100,0.9999999999999822,0.05281349562823836,1.0
101,1.049999999999982,0.04791565609215484,1.0
102,1.0999999999999819,0.04330115934598708,1.0
103,1.1499999999999817,0.038953635342649416,1.0
104,1.1999999999999815,0.03487837780287988,1.0
105,1.2499999999999813,0.031087491896005466,1.0
106,1.2999999999999812,0.02759116632215439,1.0
107,1.349999999999981,0.024393522545096635,1.0
108,1.3999999999999808,0.02149149071756536,1.0
109,1.4499999999999806,0.018875429221467385,1.0
110,1.4999999999999805,0.016530557703979785,1.0
111,1.5499999999999803,0.014438605403316509,1.0
112,1.59999999999998,0.012579339382140692,1.0
113,1.64999999999998,0.010931820434714827,1.0
114,1.6999999999999797,0.009475347608851655,1.0
115,1.7499999999999796,0.008190113102595065,1.0
116,1.7999999999999794,0.007057615595027534,1.0
117,1.8499999999999792,0.006060886203410709,1.0
118,1.899999999999979,0.005184577171850212,1.0
119,1.9499999999999789,0.0044149551946344795,1.0
120,1.9999999999999787,0.003739832289879022,1.0
121,2.0499999999999785,0.003148458938324489,1.0
122,2.0999999999999783,0.0026313973647375433,1.0
123,2.149999999999978,0.002180387437906317,1.0
124,2.199999999999978,0.001788213552058832,1.0
125,2.249999999999978,0.001448577808166265,1.0
126,2.2999999999999776,0.00115598261635329,1.0
127,2.3499999999999774,0.0009056242949376422,1.0
128,2.3999999999999773,0.0006932981857567242,1.0
129,2.449999999999977,0.0005153151108597813,1.0
130,2.499999999999977,0.00036842856257345203,1.0
131,2.5499999999999767,0.00024977177150190585,1.0
132,2.5999999999999766,0.0001568036783360143,1.0
133,2.6499999999999764,8.72628034565239e-05,1.0
134,2.699999999999976,3.912803275211038e-05,1.0
135,2.749999999999976,1.0585396970215215e-05,1.0
136,2.799999999999976,0.0,1.0
137,2.8499999999999757,5.892338190134883e-06,1.0
138,2.8999999999999755,2.6918341110950174e-05,1.0
139,2.9499999999999753,6.185254959023648e-05,1.0
140,2.999999999999975,0.00010957392663845399,1.0
141,3.049999999999975,0.000169053869601976,1.0
142,3.0999999999999748,0.00023934605690060267,1.0
143,3.1499999999999746,0.00031957781998087306,1.0
144,3.1999999999999744,0.0004089427809674612,1.0
145,3.2499999999999742,0.0005066945394267687,1.0
146,3.299999999999974,0.0006121412283275698,1.0
147,3.349999999999974,0.0007246407903543765,1.0
148,3.3999999999999737,0.0008435968518876967,1.0
149,3.4499999999999735,0.0009684550938526517,1.0
150,3.4999999999999734,0.0010987000368497825,1.0
151,3.549999999999973,0.0012338521730652836,1.0
152,3.599999999999973,0.0013734653898832552,1.0
153,3.649999999999973,0.0015171246403251238,1.0
154,3.6999999999999726,0.00166444382377552,1.0
155,3.7499999999999725,0.0018150638472375997,1.0
156,3.7999999999999723,0.0019686508428712066,1.0
157,3.849999999999972,0.002124894522011855,1.0
158,3.899999999999972,0.002283506649461953,1.0
159,3.9499999999999718,0.002444219624721802,1.0
0,-4.0,0.9999999999999984,2.0
1,-3.95,0.996343874138974,2.0
2,-3.9000000000000004,0.9925766075073147,2.0
3,-3.8500000000000005,0.9886932147579301,2.0
4,-3.8000000000000007,0.9846884183438858,2.0
5,-3.750000000000001,0.9805566330275719,2.0
6,-3.700000000000001,0.9762919509374964,2.0
7,-3.6500000000000012,0.9718881276198568,2.0
8,-3.6000000000000014,0.96733856963377,2.0
9,-3.5500000000000016,0.9626363243553616,2.0
10,-3.5000000000000018,0.9577740727871825,2.0
11,-3.450000000000002,0.9527441263159658,2.0
12,-3.400000000000002,0.9475384285227277,2.0
13,-3.3500000000000023,0.9421485633229949,2.0
14,-3.3000000000000025,0.9365657708982275,2.0
15,-3.2500000000000027,0.9307809730671189,2.0
16,-3.200000000000003,0.9247848099294821,2.0
17,-3.150000000000003,0.9185676897849053,2.0
18,-3.100000000000003,0.9121198544681756,2.0
19,-3.0500000000000034,0.9054314623340884,2.0
20,-3.0000000000000036,0.8984926911407309,2.0
21,-2.9500000000000037,0.8912938629927019,2.0
22,-2.900000000000004,0.8838255932787894,2.0
23,-2.850000000000004,0.8760789651334897,2.0
24,-2.8000000000000043,0.8680457303285058,2.0
25,-2.7500000000000044,0.8597185366218292,2.0
26,-2.7000000000000046,0.8510911804308126,2.0
27,-2.650000000000005,0.8421588822422638,2.0
28,-2.600000000000005,0.8329185804473254,2.0
29,-2.550000000000005,0.8233692373540535,2.0
30,-2.5000000000000053,0.813512149104841,2.0
31,-2.4500000000000055,0.8033512492945868,2.0
32,-2.4000000000000057,0.7928933945079059,2.0
33,-2.350000000000006,0.7821486190968654,2.0
34,-2.300000000000006,0.77113034668037,2.0
35,-2.250000000000006,0.7598555474456176,2.0
36,-2.2000000000000064,0.7483448336982668,2.0
37,-2.1500000000000066,0.7366224914284457,2.0
38,-2.1000000000000068,0.7247164528848733,2.0
39,-2.050000000000007,0.7126582238989011,2.0
40,-2.000000000000007,0.7004827891945731,2.0
41,-1.9500000000000073,0.6882285279613045,2.0
42,-1.9000000000000075,0.675937178985902,2.0
43,-1.8500000000000076,0.6636538978356257,2.0
44,-1.8000000000000078,0.651427446109886,2.0
45,-1.750000000000008,0.6393105429883946,2.0
46,-1.7000000000000082,0.6273603909734876,2.0
47,-1.6500000000000083,0.6156393602088417,2.0
48,-1.6000000000000085,0.6042157790394473,2.0
49,-1.5500000000000087,0.5931647331065051,2.0
50,-1.5000000000000089,0.5825687222344222,2.0
51,-1.450000000000009,0.5725179650418301,2.0
52,-1.4000000000000092,0.5631100775969428,2.0
53,-1.3500000000000094,0.5544487879948727,2.0
54,-1.3000000000000096,0.5466412901183773,2.0
55,-1.2500000000000098,0.5397937998168794,2.0
56,-1.20000000000001,0.5340048780531628,2.0
57,-1.1500000000000101,0.5293561647021403,2.0
58,-1.1000000000000103,0.525900374604936,2.0
59,-1.0500000000000105,0.5236468022553175,2.0
60,-1.0000000000000107,0.522545206016546,2.0
61,-0.9500000000000108,0.5224697829683322,2.0
62,-0.900000000000011,0.5232058751915398,2.0
63,-0.8500000000000112,0.5244427882558589,2.0
64,-0.8000000000000114,0.5257762445564973,2.0
65,-0.7500000000000115,0.5267231385633708,2.0
66,-0.7000000000000117,0.5267492592431265,2.0
67,-0.6500000000000119,0.5253078231630215,2.0
68,-0.6000000000000121,0.5218838325268015,2.0
69,-0.5500000000000123,0.516037420162513,2.0
70,-0.5000000000000124,0.5074391236166937,2.0
71,-0.4500000000000126,0.4958914296711982,2.0
72,-0.4000000000000128,0.4813333619185597,2.0
73,-0.35000000000001297,0.46382764157032597,2.0
74,-0.30000000000001315,0.4435326454516928,2.0
75,-0.2500000000000133,0.42066400249658653,2.0
76,-0.2000000000000135,0.3954532265443153,2.0
77,-0.15000000000001368,0.36811286845885516,2.0
78,-0.10000000000001386,0.3388183183882114,2.0
79,-0.05000000000001403,0.30771451798301264,2.0
80,-1.4210854715202004e-14,0.2749510915121615,2.0
81,0.04999999999998561,0.24074273669312213,2.0
82,0.09999999999998543,0.20544500784017694,2.0
83,0.14999999999998526,0.16963006764588123,2.0
84,0.19999999999998508,0.13414181954887458,2.0
85,0.2499999999999849,0.10010466671645148,2.0
86,0.2999999999999847,0.06886190256947698,2.0
87,0.34999999999998455,0.04184577842529996,2.0
88,0.39999999999998437,0.020442668715816046,2.0
89,0.4499999999999842,0.005985010741030043,2.0
90,0.499999999999984,0.0,2.0
91,0.5499999999999838,0.004665479223403985,2.0
92,0.5999999999999837,0.022887787558542493,2.0
93,0.6499999999999835,0.05658578524200419,2.0
94,0.6999999999999833,0.10279746091216187,2.0
95,0.7499999999999831,0.15244148571156732,2.0
96,0.799999999999983,0.1959589559389134,2.0
97,0.8499999999999828,0.22897553797040948,2.0
98,0.8999999999999826,0.2519948764481752,2.0
99,0.9499999999999824,0.26750118845000503,2.0
100,0.9999999999999822,0.2780526170901264,2.0
101,1.049999999999982,0.28565182181785326,2.0
102,1.0999999999999819,0.29171025530150213,2.0
103,1.1499999999999817,0.29717380057688214,2.0
104,1.1999999999999815,0.30265429644981334,2.0
105,1.2499999999999813,0.30853156904302936,2.0
106,1.2999999999999812,0.31502644852413736,2.0
107,1.349999999999981,0.32225188777022995,2.0
108,1.3999999999999808,0.33024849218268987,2.0
109,1.4499999999999806,0.33900901579999554,2.0
110,1.4999999999999805,0.34849504586927665,2.0
111,1.5499999999999803,0.35864820963107913,2.0
112,1.59999999999998,0.36939761927102105,2.0
113,1.64999999999998,0.3806648071721478,2.0
114,1.6999999999999797,0.39236704173628134,2.0
115,1.7499999999999796,0.4044196335107959,2.0
116,1.7999999999999794,0.4167376305867171,2.0
117,1.8499999999999792,0.42923715022490705,2.0
118,1.899999999999979,0.4418364888170301,2.0
119,1.9499999999999789,0.4544570834391002,2.0
120,1.9999999999999787,0.46702435570299033,2.0
121,2.0499999999999785,0.479468444529145,2.0
122,2.0999999999999783,0.49172482286317465,2.0
123,2.149999999999978,0.5037347898171884,2.0
124,2.199999999999978,0.5154458310473692,2.0
125,2.249999999999978,0.5268118441324006,2.0
126,2.2999999999999776,0.5377932307380573,2.0
127,2.3499999999999774,0.5483568624011258,2.0
128,2.3999999999999773,0.5584759311822728,2.0
129,2.449999999999977,0.5681296998500618,2.0
130,2.499999999999977,0.5773031685080973,2.0
131,2.5499999999999767,0.58598667566221,2.0
132,2.5999999999999766,0.5941754517519929,2.0
133,2.6499999999999764,0.6018691423175335,2.0
134,2.699999999999976,0.6090713164492995,2.0
135,2.749999999999976,0.6157889741954051,2.0
136,2.799999999999976,0.6220320643804184,2.0
137,2.8499999999999757,0.6278130219995111,2.0
138,2.8999999999999755,0.6331463321314457,2.0
139,2.9499999999999753,0.6380481252653504,2.0
140,2.999999999999975,0.6425358071251832,2.0
141,3.049999999999975,0.6466277245362384,2.0
142,3.0999999999999748,0.6503428676185625,2.0
143,3.1499999999999746,0.6537006076025865,2.0
144,3.1999999999999744,0.6567204688195437,2.0
145,3.2499999999999742,0.6594219328930843,2.0
146,3.299999999999974,0.6618242728152691,2.0
147,3.349999999999974,0.6639464143962738,2.0
148,3.3999999999999737,0.6658068225010776,2.0
149,3.4499999999999735,0.6674234095000439,2.0
150,3.4999999999999734,0.668813463439328,2.0
151,3.549999999999973,0.6699935935614861,2.0
152,3.599999999999973,0.6709796909602954,2.0
153,3.649999999999973,0.6717869023240488,2.0
154,3.6999999999999726,0.6724296148989418,2.0
155,3.7499999999999725,0.6729214509816139,2.0
156,3.7999999999999723,0.673275270422597,2.0
157,3.849999999999972,0.6735031797870263,2.0
158,3.899999999999972,0.6736165469734765,2.0
159,3.9499999999999718,0.6736260202351019,2.0
0,-4.0,0.9999999999999991,3.0
1,-3.95,0.996471905982314,3.0
2,-3.9000000000000004,0.9927022411901055,3.0
3,-3.8500000000000005,0.9886739756915234,3.0
4,-3.8000000000000007,0.9843687131545433,3.0
5,-3.750000000000001,0.9797665726987338,3.0
6,-3.700000000000001,0.9748460624157107,3.0
7,-3.6500000000000012,0.9695839447331127,3.0
8,-3.6000000000000014,0.9639550940794348,3.0
9,-3.5500000000000016,0.9579323476850404,3.0
10,-3.5000000000000018,0.9514863508550784,3.0
11,-3.450000000000002,0.9445853987064473,3.0
12,-3.400000000000002,0.9371952772153128,3.0
13,-3.3500000000000023,0.9292791075257535,3.0
14,-3.3000000000000025,0.9207971988868631,3.0
15,-3.2500000000000027,0.9117069173903765,3.0
16,-3.200000000000003,0.9019625799615836,3.0
17,-3.150000000000003,0.8915153859123887,3.0
18,-3.100000000000003,0.8803134019038213,3.0
19,-3.0500000000000034,0.868301620492475,3.0
20,-3.0000000000000036,0.8554221176423227,3.0
21,-2.9500000000000037,0.8416143407210687,3.0
22,-2.900000000000004,0.8268155655411445,3.0
23,-2.850000000000004,0.8109615687860553,3.0
24,-2.8000000000000043,0.7939875703020743,3.0
25,-2.7500000000000044,0.7758295075250948,3.0
26,-2.7000000000000046,0.7564257105786869,3.0
27,-2.650000000000005,0.7357190495218214,3.0
28,-2.600000000000005,0.713659622256305,3.0
29,-2.550000000000005,0.6902080392377234,3.0
30,-2.5000000000000053,0.665339334996415,3.0
31,-2.4500000000000055,0.6390474915773767,3.0
32,-2.4000000000000057,0.6113504904388204,3.0
33,-2.350000000000006,0.5822957135865005,3.0
34,-2.300000000000006,0.5519653917015764,3.0
35,-2.250000000000006,0.5204816529288818,3.0
36,-2.2000000000000064,0.4880105763686861,3.0
37,-2.1500000000000066,0.4547645264802695,3.0
38,-2.1000000000000068,0.4210019777586311,3.0
39,-2.050000000000007,0.38702407992047905,3.0
40,-2.000000000000007,0.35316740619588877,3.0
41,-1.9500000000000073,0.3197926953596112,3.0
42,-1.9000000000000075,0.28726992723173506,3.0
43,-1.8500000000000076,0.25596069373319114,3.0
44,-1.8000000000000078,0.22619942258096315,3.0
45,-1.750000000000008,0.19827542748620344,3.0
46,-1.7000000000000082,0.17241785986646366,3.0
47,-1.6500000000000083,0.14878535020485664,3.0
48,-1.6000000000000085,0.1274614820712917,3.0
49,-1.5500000000000087,0.10845637274710151,3.0
50,-1.5000000000000089,0.09171374162419355,3.0
51,-1.450000000000009,0.07712213225481826,3.0
52,-1.4000000000000092,0.0645285546020989,3.0
53,-1.3500000000000094,0.05375277084480328,3.0
54,-1.3000000000000096,0.044600706183677744,3.0
55,-1.2500000000000098,0.03687591003164935,3.0
56,-1.20000000000001,0.03038849259929383,3.0
57,-1.1500000000000101,0.024961410494905814,3.0
58,-1.1000000000000103,0.020434308985307792,3.0
59,-1.0500000000000105,0.016665328634245153,3.0
60,-1.0000000000000107,0.013531363728196648,3.0
61,-0.9500000000000108,0.010927250322610542,3.0
62,-0.900000000000011,0.00876429800103124,3.0
63,-0.8500000000000112,0.006968491860581417,3.0
64,-0.8000000000000114,0.0054786015052888095,3.0
65,-0.7500000000000115,0.00424435475121149,3.0
66,-0.7000000000000117,0.0032247709841842008,3.0
67,-0.6500000000000119,0.0023867035283734223,3.0
68,-0.6000000000000121,0.0017036102109434204,3.0
69,-0.5500000000000123,0.0011545537512747367,3.0
70,-0.5000000000000124,0.0007234258821558745,3.0
71,-0.4500000000000126,0.00039838903950249147,3.0
72,-0.4000000000000128,0.00017153573998441484,3.0
73,-0.35000000000001297,3.877816570015137e-05,3.0
74,-0.30000000000001315,0.0,3.0
75,-0.2500000000000133,5.953178494635179e-05,3.0
76,-0.2000000000000135,0.00022705471898913597,3.0
77,-0.15000000000001368,0.0005191036727033832,3.0
78,-0.10000000000001386,0.0009614403787449296,3.0
79,-0.05000000000001403,0.0015927197389728931,3.0
80,-1.4210854715202004e-14,0.0024700976190852844,3.0
81,0.04999999999998561,0.003677742752570569,3.0
82,0.09999999999998543,0.005339588493997282,3.0
83,0.14999999999998526,0.00763789943205508,3.0
84,0.19999999999998508,0.010838677396262044,3.0
85,0.2499999999999849,0.0153218582701065,3.0
86,0.2999999999999847,0.021605176171874445,3.0
87,0.34999999999998455,0.03033188678817199,3.0
88,0.39999999999998437,0.0421712890923255,3.0
89,0.4499999999999842,0.0575962618911068,3.0
90,0.499999999999984,0.07660857203785239,3.0
91,0.5499999999999838,0.09862121286411511,3.0
92,0.5999999999999837,0.12265141183261052,3.0
93,0.6499999999999835,0.14769496162351,3.0
94,0.6999999999999833,0.17299793731046906,3.0
95,0.7499999999999831,0.19809223942082796,3.0
96,0.799999999999983,0.22266603954327863,3.0
97,0.8499999999999828,0.24640173352531108,3.0
98,0.8999999999999826,0.2688745400830912,3.0
99,0.9499999999999824,0.28954736383665,3.0
100,0.9999999999999822,0.30784971653985443,3.0
101,1.049999999999982,0.32329570000450936,3.0
102,1.0999999999999819,0.335586420275096,3.0
103,1.1499999999999817,0.34465860777258794,3.0
104,1.1999999999999815,0.3506717262828932,3.0
105,1.2499999999999813,0.3539514491367933,3.0
106,1.2999999999999812,0.3549168931778991,3.0
107,1.349999999999981,0.35401416700929056,3.0
108,1.3999999999999808,0.35166796657683375,3.0
109,1.4499999999999806,0.3482532827313745,3.0
110,1.4999999999999805,0.3440836847921784,3.0
111,1.5499999999999803,0.3394108116973103,3.0
112,1.59999999999998,0.3344301409402275,3.0
113,1.64999999999998,0.3292894306608951,3.0
114,1.6999999999999797,0.32409760120306885,3.0
115,1.7499999999999796,0.31893288588904667,3.0
116,1.7999999999999794,0.3138497765572944,3.0
117,1.8499999999999792,0.30888468467308644,3.0
118,1.899999999999979,0.3040604301229165,3.0
119,1.9499999999999789,0.2993897401394773,3.0
120,1.9999999999999787,0.29487794811946966,3.0
121,2.0499999999999785,0.29052506169685544,3.0
122,2.0999999999999783,0.2863273404356004,3.0
123,2.149999999999978,0.2822784949680678,3.0
124,2.199999999999978,0.2783705948157818,3.0
125,2.249999999999978,0.27459475223458,3.0
126,2.2999999999999776,0.2709416338242299,3.0
127,2.3499999999999774,0.26740183958384117,3.0
128,2.3999999999999773,0.2639661798301127,3.0
129,2.449999999999977,0.2606258732958119,3.0
130,2.499999999999977,0.2573726842957177,3.0
131,2.5499999999999767,0.25419901270564493,3.0
132,2.5999999999999766,0.25109794735349755,3.0
133,2.6499999999999764,0.24806329104087455,3.0
134,2.699999999999976,0.24508956361943982,3.0
135,2.749999999999976,0.24217198819574326,3.0
136,2.799999999999976,0.2393064645192581,3.0
137,2.8499999999999757,0.23648953283381804,3.0
138,2.8999999999999755,0.23371833087542465,3.0
139,2.9499999999999753,0.23099054622957502,3.0
140,2.999999999999975,0.22830436588214223,3.0
141,3.049999999999975,0.2256584244835519,3.0
142,3.0999999999999748,0.2230517525786946,3.0
143,3.1499999999999746,0.2204837258229214,3.0
144,3.1999999999999744,0.2179540160001256,3.0
145,3.2499999999999742,0.21546254447774493,3.0
146,3.299999999999974,0.21300943857289203,3.0
147,3.349999999999974,0.21059499116219407,3.0
148,3.3999999999999737,0.20821962374431902,3.0
149,3.4499999999999735,0.20588385305788134,3.0
150,3.4999999999999734,0.20358826126766746,3.0
151,3.549999999999973,0.20133346965808716,3.0
152,3.599999999999973,0.19912011571338295,3.0
153,3.649999999999973,0.19694883341823655,3.0
154,3.6999999999999726,0.19482023657868627,3.0
155,3.7499999999999725,0.19273490494028467,3.0
156,3.7999999999999723,0.19069337286674665,3.0
157,3.849999999999972,0.1886961203365249,3.0
158,3.899999999999972,0.18674356601538736,3.0
159,3.9499999999999718,0.18483606216893345,3.0
0,-4.0,0.001215533335657114,4.0
1,-3.95,0.001194723050576888,4.0
2,-3.9000000000000004,0.0011732996414663922,4.0
3,-3.8500000000000005,0.0011512535584316912,4.0
4,-3.8000000000000007,0.0011285757032855881,4.0
5,-3.750000000000001,0.0011052575200853321,4.0
6,-3.700000000000001,0.0010812910991934506,4.0
7,-3.6500000000000012,0.0010566692972968543,4.0
8,-3.6000000000000014,0.001031385876298672,4.0
9,-3.5500000000000016,0.0010054356645354816,4.0
10,-3.5000000000000018,0.0009788147443998496,4.0
11,-3.450000000000002,0.0009515206711365232,4.0
12,-3.400000000000002,0.0009235527283347083,4.0
13,-3.3500000000000023,0.0008949122264304695,4.0
14,-3.3000000000000025,0.000865602851340958,4.0
15,-3.2500000000000027,0.0008356310711098477,4.0
16,-3.200000000000003,0.0008050066091002314,4.0
17,-3.150000000000003,0.0007737429927201176,4.0
18,-3.100000000000003,0.0007418581867876309,4.0
19,-3.0500000000000034,0.0007093753202878994,4.0
20,-3.0000000000000036,0.000676323514257519,4.0
21,-2.9500000000000037,0.0006427388166403619,4.0
22,-2.900000000000004,0.000608665246979611,4.0
23,-2.850000000000004,0.0005741559495122528,4.0
24,-2.8000000000000043,0.0005392744474216383,4.0
25,-2.7500000000000044,0.0005040959835721624,4.0
26,-2.7000000000000046,0.0004687089239669665,4.0
27,-2.650000000000005,0.0004332161896297743,4.0
28,-2.600000000000005,0.0003977366709936727,4.0
29,-2.550000000000005,0.0003624065668950376,4.0
30,-2.5000000000000053,0.00032738057891350193,4.0
31,-2.4500000000000055,0.00029283288239259896,4.0
32,-2.4000000000000057,0.0002589577895669459,4.0
33,-2.350000000000006,0.00022597001943532694,4.0
34,-2.300000000000006,0.00019410449481831665,4.0
35,-2.250000000000006,0.00016361560039820786,4.0
36,-2.2000000000000064,0.00013477585659901693,4.0
37,-2.1500000000000066,0.00010787399191746548,4.0
38,-2.1000000000000068,8.321242846181604e-05,4.0
39,-2.050000000000007,6.11042285047229e-05,4.0
40,-2.000000000000007,4.186957966465888e-05,4.0
41,-1.9500000000000073,2.583191899055348e-05,4.0
42,-1.9000000000000075,1.331380934500142e-05,4.0
43,-1.8500000000000076,4.632685555570842e-06,4.0
44,-1.8000000000000078,9.658733863542658e-08,4.0
45,-1.750000000000008,0.0,4.0
46,-1.7000000000000082,4.619945413004479e-06,4.0
47,-1.6500000000000083,1.4212520283399426e-05,4.0
48,-1.6000000000000085,2.9010182017538244e-05,4.0
49,-1.5500000000000087,4.922024835080458e-05,4.0
50,-1.5000000000000089,7.50253157110682e-05,4.0
51,-1.450000000000009,0.00010658662094124844,4.0
52,-1.4000000000000092,0.00014405178041609277,4.0
53,-1.3500000000000094,0.0001875688568234346,4.0
54,-1.3000000000000096,0.00023730936307784025,4.0
55,-1.2500000000000098,0.0002935036856231366,4.0
56,-1.20000000000001,0.00035649362315969983,4.0
57,-1.1500000000000101,0.00042680851014287595,4.0
58,-1.1000000000000103,0.0005052740952751109,4.0
59,-1.0500000000000105,0.0005931675971235095,4.0
60,-1.0000000000000107,0.000692439240238096,4.0
61,-0.9500000000000108,0.0008060320021653719,4.0
62,-0.900000000000011,0.0009383507774529263,4.0
63,-0.8500000000000112,0.0010959662687238284,4.0
64,-0.8000000000000114,0.0012887003425038767,4.0
65,-0.7500000000000115,0.0015313535156433586,4.0
66,-0.7000000000000117,0.001846553019912609,4.0
67,-0.6500000000000119,0.002269629209588522,4.0
68,-0.6000000000000121,0.0028573003303147574,4.0
69,-0.5500000000000123,0.0037037662320013654,4.0
70,-0.5000000000000124,0.004971681594557919,4.0
71,-0.4500000000000126,0.006953694652768037,4.0
72,-0.4000000000000128,0.010196910050683222,4.0
73,-0.35000000000001297,0.015751652652968184,4.0
74,-0.30000000000001315,0.025634162194878858,4.0
75,-0.2500000000000133,0.043532184651083806,4.0
76,-0.2000000000000135,0.07541862836556625,4.0
77,-0.15000000000001368,0.12912663219408888,4.0
78,-0.10000000000001386,0.21226342381519261,4.0
79,-0.05000000000001403,0.3289452192655328,4.0
80,-1.4210854715202004e-14,0.4735178418653102,4.0
81,0.04999999999998561,0.6225646012135043,4.0
82,0.09999999999998543,0.744749719035932,4.0
83,0.14999999999998526,0.8266181165102371,4.0
84,0.19999999999998508,0.8753146473928168,4.0
85,0.2499999999999849,0.903071065568336,4.0
86,0.2999999999999847,0.9188915314805362,4.0
87,0.34999999999998455,0.9280917163779031,4.0
88,0.39999999999998437,0.9336615400051631,4.0
89,0.4499999999999842,0.9373068266567071,4.0
90,0.499999999999984,0.9400211730046836,4.0
91,0.5499999999999838,0.9423785738770046,4.0
92,0.5999999999999837,0.944689645743633,4.0
93,0.6499999999999835,0.9470954708109756,4.0
94,0.6999999999999833,0.9496317956503753,4.0
95,0.7499999999999831,0.9522759077793005,4.0
96,0.799999999999983,0.9549800686223014,4.0
97,0.8499999999999828,0.9576931129309286,4.0
98,0.8999999999999826,0.9603721131711035,4.0
99,0.9499999999999824,0.9629867138714618,4.0
100,0.9999999999999822,0.9655189161875745,4.0
101,1.049999999999982,0.9679606412025454,4.0
102,1.0999999999999819,0.9703106357748994,4.0
103,1.1499999999999817,0.972571552257534,4.0
104,1.1999999999999815,0.9747475236949257,4.0
105,1.2499999999999813,0.9768422949233694,4.0
106,1.2999999999999812,0.9788578891425621,4.0
107,1.349999999999981,0.9807937978121205,4.0
108,1.3999999999999808,0.9826467047670272,4.0
109,1.4499999999999806,0.9844107487112215,4.0
110,1.4999999999999805,0.9860782778005585,4.0
111,1.5499999999999803,0.9876409691288173,4.0
112,1.59999999999998,0.9890911072624216,4.0
113,1.64999999999998,0.9904227770186476,4.0
114,1.6999999999999797,0.9916327500659068,4.0
115,1.7499999999999796,0.9927209289675699,4.0
116,1.7999999999999794,0.9936903260754549,4.0
117,1.8499999999999792,0.9945466578213966,4.0
118,1.899999999999979,0.9952976967989277,4.0
119,1.9499999999999789,0.9959525355597826,4.0
120,1.9999999999999787,0.9965208883163272,4.0
121,2.0499999999999785,0.9970125102583859,4.0
122,2.0999999999999783,0.9974367678361163,4.0
123,2.149999999999978,0.9978023583430581,4.0
124,2.199999999999978,0.99811715663992,4.0
125,2.249999999999978,0.9983881588171694,4.0
126,2.2999999999999776,0.9986214928758902,4.0
127,2.3499999999999774,0.9988224711200725,4.0
128,2.3999999999999773,0.9989956650023043,4.0
129,2.449999999999977,0.9991449889573808,4.0
130,2.499999999999977,0.9992737845334306,4.0
131,2.5499999999999767,0.9993848997054539,4.0
132,2.5999999999999766,0.9994807607435284,4.0
133,2.6499999999999764,0.999563435629175,4.0
134,2.699999999999976,0.9996346890002981,4.0
135,2.749999999999976,0.9996960291557109,4.0
136,2.799999999999976,0.9997487479165021,4.0
137,2.8499999999999757,0.9997939542321272,4.0
138,2.8999999999999755,0.9998326024079452,4.0
139,2.9499999999999753,0.9998655157658938,4.0
140,2.999999999999975,0.9998934064608667,4.0
141,3.049999999999975,0.9999168920797665,4.0
142,3.0999999999999748,0.9999365095579158,4.0
143,3.1499999999999746,0.9999527268633958,4.0
144,3.1999999999999744,0.9999659528259104,4.0
145,3.2499999999999742,0.9999765454232052,4.0
146,3.299999999999974,0.9999848187843132,4.0
147,3.349999999999974,0.9999910491239263,4.0
148,3.3999999999999737,0.9999954797848553,4.0
149,3.4499999999999735,0.9999983255347021,4.0
150,3.4999999999999734,0.9999997762374722,4.0
151,3.549999999999973,0.9999999999999993,4.0
152,3.599999999999973,0.999999145875924,4.0
153,3.649999999999973,0.9999973461959103,4.0
154,3.6999999999999726,0.9999947185812372,4.0
155,3.7499999999999725,0.9999913676884159,4.0
156,3.7999999999999723,0.9999873867246548,4.0
157,3.849999999999972,0.9999828587675644,4.0
158,3.899999999999972,0.9999778579171511,4.0
159,3.9499999999999718,0.9999724503037498,4.0
0,-4.0,0.9887333901368285,5.0
1,-3.95,0.9891953570467226,5.0
2,-3.9000000000000004,0.9896533243473548,5.0
3,-3.8500000000000005,0.9901067665741079,5.0
4,-3.8000000000000007,0.9905551698735724,5.0
5,-3.750000000000001,0.9909980332942853,5.0
6,-3.700000000000001,0.9914348699156992,5.0
7,-3.6500000000000012,0.9918652078000133,5.0
8,-3.6000000000000014,0.992288590752548,5.0
9,-3.5500000000000016,0.9927045788774931,5.0
10,-3.5000000000000018,0.9931127489170793,5.0
11,-3.450000000000002,0.9935126943634848,5.0
12,-3.400000000000002,0.9939040253340794,5.0
13,-3.3500000000000023,0.9942863682019187,5.0
14,-3.3000000000000025,0.9946593649746991,5.0
15,-3.2500000000000027,0.9950226724166973,5.0
16,-3.200000000000003,0.9953759609095213,5.0
17,-3.150000000000003,0.9957189130488376,5.0
18,-3.100000000000003,0.996051221975626,5.0
19,-3.0500000000000034,0.9963725894419979,5.0
20,-3.0000000000000036,0.9966827236132508,5.0
21,-2.9500000000000037,0.9969813366096968,5.0
22,-2.900000000000004,0.9972681417939536,5.0
23,-2.850000000000004,0.9975428508119271,5.0
24,-2.8000000000000043,0.9978051703986518,5.0
25,-2.7500000000000044,0.9980547989635716,5.0
26,-2.7000000000000046,0.998291422973618,5.0
27,-2.650000000000005,0.9985147131564581,5.0
28,-2.600000000000005,0.9987243205501314,5.0
29,-2.550000000000005,0.9989198724283723,5.0
30,-2.5000000000000053,0.9991009681321802,5.0
31,-2.4500000000000055,0.9992671748361096,5.0
32,-2.4000000000000057,0.9994180232701381,5.0
33,-2.350000000000006,0.9995530034017938,5.0
34,-2.300000000000006,0.9996715600546621,5.0
35,-2.250000000000006,0.9997730883936863,5.0
36,-2.2000000000000064,0.9998569291394405,5.0
37,-2.1500000000000066,0.9999223632772235,5.0
38,-2.1000000000000068,0.9999686058974373,5.0
39,-2.050000000000007,0.9999947986382233,5.0
40,-2.000000000000007,0.9999999999999952,5.0
41,-1.9500000000000073,0.9999831725693835,5.0
42,-1.9000000000000075,0.999943165937776,5.0
43,-1.8500000000000076,0.999878693842207,5.0
44,-1.8000000000000078,0.9997883038098586,5.0
45,-1.750000000000008,0.999670337361615,5.0
46,-1.7000000000000082,0.9995228786184623,5.0
47,-1.6500000000000083,0.9993436889239488,5.0
48,-1.6000000000000085,0.9991301247817179,5.0
49,-1.5500000000000087,0.9988790359198922,5.0
50,-1.5000000000000089,0.9985866395449746,5.0
51,-1.450000000000009,0.9982483657914527,5.0
52,-1.4000000000000092,0.9978586680579544,5.0
53,-1.3500000000000094,0.9974107905265353,5.0
54,-1.3000000000000096,0.9968964840015777,5.0
55,-1.2500000000000098,0.9963056606810362,5.0
56,-1.20000000000001,0.9956259790042032,5.0
57,-1.1500000000000101,0.9948423516887,5.0
58,-1.1000000000000103,0.9939363738412851,5.0
59,-1.0500000000000105,0.9928856740731526,5.0
60,-1.0000000000000107,0.9916632006098912,5.0
61,-0.9500000000000108,0.9902364675080962,5.0
62,-0.900000000000011,0.9885668042723079,5.0
63,-0.8500000000000112,0.9866086752203692,5.0
64,-0.8000000000000114,0.9843091592055032,5.0
65,-0.7500000000000115,0.9816076949345027,5.0
66,-0.7000000000000117,0.9784361794125853,5.0
67,-0.6500000000000119,0.9747194185196055,5.0
68,-0.6000000000000121,0.9703757165000446,5.0
69,-0.5500000000000123,0.9653170019842199,5.0
70,-0.5000000000000124,0.9594473027152969,5.0
71,-0.4500000000000126,0.9526576672564961,5.0
72,-0.4000000000000128,0.9448149928905586,5.0
73,-0.35000000000001297,0.9357419870442497,5.0
74,-0.30000000000001315,0.9251860288401362,5.0
75,-0.2500000000000133,0.9127762931646227,5.0
76,-0.2000000000000135,0.8979715155845646,5.0
77,-0.15000000000001368,0.8800064102981997,5.0
78,-0.10000000000001386,0.8578561391633703,5.0
79,-0.05000000000001403,0.8302598969156096,5.0
80,-1.4210854715202004e-14,0.7958755007340428,5.0
81,0.04999999999998561,0.7536510848754845,5.0
82,0.09999999999998543,0.7034281042004187,5.0
83,0.14999999999998526,0.6465649101583327,5.0
84,0.19999999999998508,0.586108842450367,5.0
85,0.2499999999999849,0.5261391793182635,5.0
86,0.2999999999999847,0.470530604899696,5.0
87,0.34999999999998455,0.4219275973759005,5.0
88,0.39999999999998437,0.3814801209748616,5.0
89,0.4499999999999842,0.3492132051171372,5.0
90,0.499999999999984,0.32456971590598405,5.0
91,0.5499999999999838,0.30680197798592435,5.0
92,0.5999999999999837,0.2951393803391008,5.0
93,0.6499999999999835,0.2887972479586726,5.0
94,0.6999999999999833,0.2869175367813451,5.0
95,0.7499999999999831,0.2885120294054052,5.0
96,0.799999999999983,0.29245245099107675,5.0
97,0.8499999999999828,0.2975247522654917,5.0
98,0.8999999999999826,0.3025350151256399,5.0
99,0.9499999999999824,0.30643053162269085,5.0
100,0.9999999999999822,0.30839504243801286,5.0
101,1.049999999999982,0.3078938271829875,5.0
102,1.0999999999999819,0.3046687262097943,5.0
103,1.1499999999999817,0.2986994872199022,5.0
104,1.1999999999999815,0.29015081679591304,5.0
105,1.2499999999999813,0.2793189152685019,5.0
106,1.2999999999999812,0.2665840260834807,5.0
107,1.349999999999981,0.2523705820291282,5.0
108,1.3999999999999808,0.23711446489507912,5.0
109,1.4499999999999806,0.22123666794738922,5.0
110,1.4999999999999805,0.20512305363121464,5.0
111,1.5499999999999803,0.18911018017701828,5.0
112,1.59999999999998,0.17347708673860146,5.0
113,1.64999999999998,0.15844256597742126,5.0
114,1.6999999999999797,0.14416702857952193,5.0
115,1.7499999999999796,0.1307577614876223,5.0
116,1.7999999999999794,0.11827628890952127,5.0
117,1.8499999999999792,0.10674665374161611,5.0
118,1.899999999999979,0.09616367950329392,5.0
119,1.9499999999999789,0.08650056705558663,5.0
120,1.9999999999999787,0.07771545969863078,5.0
121,2.0499999999999785,0.06975683565422065,5.0
122,2.0999999999999783,0.06256774515294927,5.0
123,2.149999999999978,0.056089004683226064,5.0
124,2.199999999999978,0.05026150652128743,5.0
125,2.249999999999978,0.045027812678605145,5.0
126,2.2999999999999776,0.04033319241835232,5.0
127,2.3499999999999774,0.03612624182183652,5.0
128,2.3999999999999773,0.03235919950240869,5.0
129,2.449999999999977,0.02898804866262912,5.0
130,2.499999999999977,0.025972474442877962,5.0
131,2.5499999999999767,0.02327572776494087,5.0
132,2.5999999999999766,0.02086443269941137,5.0
133,2.6499999999999764,0.018708363443014304,5.0
134,2.699999999999976,0.01678020877691785,5.0
135,2.749999999999976,0.015055335857377816,5.0
136,2.799999999999976,0.013511560876259772,5.0
137,2.8499999999999757,0.012128931104544523,5.0
138,2.8999999999999755,0.010889520759570216,5.0
139,2.9499999999999753,0.009777241753023493,5.0
140,2.999999999999975,0.008777669481384111,5.0
141,3.049999999999975,0.007877883264975696,5.0
142,3.0999999999999748,0.007066320717757995,5.0
143,3.1499999999999746,0.006332645160170397,5.0
144,3.1999999999999744,0.005667625117413705,5.0
145,3.2499999999999742,0.00506302493817371,5.0
146,3.299999999999974,0.004511505598655035,5.0
147,3.349999999999974,0.004006534807286655,5.0
148,3.3999999999999737,0.003542305585831298,5.0
149,3.4499999999999735,0.003113662566251932,5.0
150,3.4999999999999734,0.0027160353055808418,5.0
151,3.549999999999973,0.002345377981041704,5.0
152,3.599999999999973,0.0019981148836773635,5.0
153,3.649999999999973,0.0016710911803679404,5.0
154,3.6999999999999726,0.0013615284613585502,5.0
155,3.7499999999999725,0.0010669846334691322,5.0
156,3.7999999999999723,0.0007853177583325636,5.0
157,3.849999999999972,0.0005146534706429359,5.0
158,3.899999999999972,0.00025335564381490046,5.0
159,3.9499999999999718,0.0,5.0
0,-4.0,0.8597119186034365,6.0
1,-3.95,0.8631813761694528,6.0
2,-3.9000000000000004,0.8666167299068273,6.0
3,-3.8500000000000005,0.8700188093602691,6.0
4,-3.8000000000000007,0.8733882443551274,6.0
5,-3.750000000000001,0.8767254382860024,6.0
6,-3.700000000000001,0.8800305389884722,6.0
7,-3.6500000000000012,0.8833034072976967,6.0
8,-3.6000000000000014,0.8865435835046891,6.0
9,-3.5500000000000016,0.889750252055543,6.0
10,-3.5000000000000018,0.8929222050046857,6.0
11,-3.450000000000002,0.8960578049340501,6.0
12,-3.400000000000002,0.8991549482892135,6.0
13,-3.3500000000000023,0.9022110303635021,6.0
14,-3.3000000000000025,0.9052229134832737,6.0
15,-3.2500000000000027,0.9081869003118272,6.0
16,-3.200000000000003,0.9110987145935843,6.0
17,-3.150000000000003,0.913953492100109,6.0
18,-3.100000000000003,0.9167457850086973,6.0
19,-3.0500000000000034,0.9194695834344062,6.0
20,-3.0000000000000036,0.9221183583378836,6.0
21,-2.9500000000000037,0.9246851305343518,6.0
22,-2.900000000000004,0.9271625710239967,6.0
23,-2.850000000000004,0.9295431383410895,6.0
24,-2.8000000000000043,0.9318192590649231,6.0
25,-2.7500000000000044,0.9339835580233269,6.0
26,-2.7000000000000046,0.9360291449896838,6.0
27,-2.650000000000005,0.9379499647012802,6.0
28,-2.600000000000005,0.9397412165674067,6.0
29,-2.550000000000005,0.9413998490632209,6.0
30,-2.5000000000000053,0.9429251308402645,6.0
31,-2.4500000000000055,0.9443192950520904,6.0
32,-2.4000000000000057,0.9455882440647112,6.0
33,-2.350000000000006,0.9467422873153064,6.0
34,-2.300000000000006,0.9477968647157974,6.0
35,-2.250000000000006,0.9487731819346114,6.0
36,-2.2000000000000064,0.9496986545227903,6.0
37,-2.1500000000000066,0.9506070306395339,6.0
38,-2.1000000000000068,0.9515380459559046,6.0
39,-2.050000000000007,0.9525364704987893,6.0
40,-2.000000000000007,0.953650446603671,6.0
41,-1.9500000000000073,0.954929095394598,6.0
42,-1.9000000000000075,0.9564194813219749,6.0
43,-1.8500000000000076,0.9581631513363094,6.0
44,-1.8000000000000078,0.9601925760092267,6.0
45,-1.750000000000008,0.9625278788001005,6.0
46,-1.7000000000000082,0.9651742194971347,6.0
47,-1.6500000000000083,0.9681200916520073,6.0
48,-1.6000000000000085,0.9713366197810875,6.0
49,-1.5500000000000087,0.9747777382341343,6.0
50,-1.5000000000000089,0.9783809439832325,6.0
51,-1.450000000000009,0.9820681744832749,6.0
52,-1.4000000000000092,0.9857462830119272,6.0
53,-1.3500000000000094,0.9893065586643444,6.0
54,-1.3000000000000096,0.992622740414186,6.0
55,-1.2500000000000098,0.9955469701339689,6.0
56,-1.20000000000001,0.9979030842562876,6.0
57,-1.1500000000000101,0.9994765304793909,6.0
58,-1.1000000000000103,0.9999999999999981,6.0
59,-1.0500000000000105,0.999133598559275,6.0
60,-1.0000000000000107,0.9964381125312913,6.0
61,-0.9500000000000108,0.9913398715502796,6.0
62,-0.900000000000011,0.9830863883575757,6.0
63,-0.8500000000000112,0.9706945017073204,6.0
64,-0.8000000000000114,0.9528992975894709,6.0
65,-0.7500000000000115,0.9281258582085069,6.0
66,-0.7000000000000117,0.8945294932272729,6.0
67,-0.6500000000000119,0.8501790185911143,6.0
68,-0.6000000000000121,0.7934668846106269,6.0
69,-0.5500000000000123,0.7237653681188165,6.0
70,-0.5000000000000124,0.6421628621895007,6.0
71,-0.4500000000000126,0.5518815176280519,6.0
72,-0.4000000000000128,0.45795465167955846,6.0
73,-0.35000000000001297,0.3661298634600259,6.0
74,-0.30000000000001315,0.2815087425188915,6.0
75,-0.2500000000000133,0.20759302147509337,6.0
76,-0.2000000000000135,0.14604568729437228,6.0
77,-0.15000000000001368,0.09701271349117495,6.0
78,-0.10000000000001386,0.05966402980695971,6.0
79,-0.05000000000001403,0.032691240495502004,6.0
80,-1.4210854715202004e-14,0.014653521674112288,6.0
81,0.04999999999998561,0.00417003242918416,6.0
82,0.09999999999998543,0.0,6.0
83,0.14999999999998526,0.0010559409405559372,6.0
84,0.19999999999998508,0.006385384907010982,6.0
85,0.2499999999999849,0.015144246490569111,6.0
86,0.2999999999999847,0.026574683673254756,6.0
87,0.34999999999998455,0.039992526903037416,6.0
88,0.39999999999998437,0.054784028814728686,6.0
89,0.4499999999999842,0.07040865192251756,6.0
90,0.499999999999984,0.08640368267129427,6.0
91,0.5499999999999838,0.10238714604060765,6.0
92,0.5999999999999837,0.11805703729001409,6.0
93,0.6499999999999835,0.1331865077691741,6.0
94,0.6999999999999833,0.14761580773952693,6.0
95,0.7499999999999831,0.1612423226850405,6.0
96,0.799999999999983,0.17401004305603196,6.0
97,0.8499999999999828,0.18589950597397614,6.0
98,0.8999999999999826,0.1969188537245434,6.0
99,0.9499999999999824,0.20709630338984092,6.0
100,0.9999999999999822,0.21647407019534,6.0
101,1.049999999999982,0.22510363597568445,6.0
102,1.0999999999999819,0.23304218112057676,6.0
103,1.1499999999999817,0.24034997641678563,6.0
104,1.1999999999999815,0.24708853811845796,6.0
105,1.2499999999999813,0.25331937024021084,6.0
106,1.2999999999999812,0.25910314350322056,6.0
107,1.349999999999981,0.26449918586567567,6.0
108,1.3999999999999808,0.2695651830169806,6.0
109,1.4499999999999806,0.27435700791009204,6.0
110,1.4999999999999805,0.2789286163511689,6.0
111,1.5499999999999803,0.2833319611607782,6.0
112,1.59999999999998,0.28761689084799885,6.0
113,1.64999999999998,0.2918310104474058,6.0
114,1.6999999999999797,0.2960194924224471,6.0
115,1.7499999999999796,0.3002248344934349,6.0
116,1.7999999999999794,0.30448656895640114,6.0
117,1.8499999999999792,0.30884093448685085,6.0
118,1.899999999999979,0.313320526480388,6.0
119,1.9499999999999789,0.31795394556064266,6.0
120,1.9999999999999787,0.32276546589090194,6.0
121,2.0499999999999785,0.3277747453160016,6.0
122,2.0999999999999783,0.332996598167,6.0
123,2.149999999999978,0.33844084890355475,6.0
124,2.199999999999978,0.3441122808600839,6.0
125,2.249999999999978,0.35001068949617536,6.0
126,2.2999999999999776,0.35613104408648666,6.0
127,2.3499999999999774,0.3624637561136817,6.0
128,2.3999999999999773,0.3689950471473503,6.0
129,2.449999999999977,0.3757074040726645,6.0
130,2.499999999999977,0.38258010548831084,6.0
131,2.5499999999999767,0.3895898001567619,6.0
132,2.5999999999999766,0.39671111669769826,6.0
133,2.6499999999999764,0.4039172833010144,6.0
134,2.699999999999976,0.4111807370335769,6.0
135,2.749999999999976,0.4184737041719431,6.0
136,2.799999999999976,0.42576873569343293,6.0
137,2.8499999999999757,0.4330391853411682,6.0
138,2.8999999999999755,0.44025962127150164,6.0
139,2.9499999999999753,0.44740616593184523,6.0
140,2.999999999999975,0.45445676227242093,6.0
141,3.049999999999975,0.46139136748248677,6.0
142,3.0999999999999748,0.4681920780310245,6.0
143,3.1499999999999746,0.4748431918106846,6.0
144,3.1999999999999744,0.4813312146115182,6.0
145,3.2499999999999742,0.4876448190111764,6.0
146,3.299999999999974,0.4937747641177982,6.0
147,3.349999999999974,0.49971378451964316,6.0
148,3.3999999999999737,0.5054564563717497,6.0
149,3.4499999999999735,0.5109990478765785,6.0
150,3.4999999999999734,0.516339360579328,6.0
151,3.549999999999973,0.5214765669761429,6.0
152,3.599999999999973,0.5264110489880538,6.0
153,3.649999999999973,0.5311442409350253,6.0
154,3.6999999999999726,0.5356784797885422,6.0
155,3.7499999999999725,0.54001686471146,6.0
156,3.7999999999999723,0.5441631272232897,6.0
157,3.849999999999972,0.5481215127622595,6.0
158,3.899999999999972,0.5518966739506237,6.0
159,3.9499999999999718,0.5554935755004392,6.0
0,-4.0,0.006408612440197448,7.0
1,-3.95,0.006337390433622593,7.0
2,-3.9000000000000004,0.006264961166850598,7.0
3,-3.8500000000000005,0.006191195347802339,7.0
4,-3.8000000000000007,0.00611595608750714,7.0
5,-3.750000000000001,0.006039098545388757,7.0
6,-3.700000000000001,0.005960469584972998,7.0
7,-3.6500000000000012,0.0058799074482543245,7.0
8,-3.6000000000000014,0.005797241458994674,7.0
9,-3.5500000000000016,0.00571229176768143,7.0
10,-3.5000000000000018,0.0056248691537791546,7.0
11,-3.450000000000002,0.005534774904367303,7.0
12,-3.400000000000002,0.005441800792338597,7.0
13,-3.3500000000000023,0.005345729182126694,7.0
14,-3.3000000000000025,0.005246333296550039,7.0
15,-3.2500000000000027,0.00514337768487465,7.0
16,-3.200000000000003,0.005036618939761647,7.0
17,-3.150000000000003,0.004925806719432613,7.0
18,-3.100000000000003,0.004810685141288997,7.0
19,-3.0500000000000034,0.004690994624435587,7.0
20,-3.0000000000000036,0.004566474271132452,7.0
21,-2.9500000000000037,0.0044368648911813175,7.0
22,-2.900000000000004,0.004301912788604994,7.0
23,-2.850000000000004,0.004161374446636812,7.0
24,-2.8000000000000043,0.00401502226483942,7.0
25,-2.7500000000000044,0.003862651520906077,7.0
26,-2.7000000000000046,0.003704088749051126,7.0
27,-2.650000000000005,0.0035392017465433,7.0
28,-2.600000000000005,0.003367911439528116,7.0
29,-2.550000000000005,0.0031902058586708677,7.0
30,-2.5000000000000053,0.0030061564944541164,7.0
31,-2.4500000000000055,0.002815937322087823,7.0
32,-2.4000000000000057,0.002619846809011734,7.0
33,-2.350000000000006,0.002418333248123199,7.0
34,-2.300000000000006,0.002212023804668628,7.0
35,-2.250000000000006,0.002001757736929013,7.0
36,-2.2000000000000064,0.001788624370936646,7.0
37,-2.1500000000000066,0.0015740066096062736,7.0
38,-2.1000000000000068,0.0013596310859628747,7.0
39,-2.050000000000007,0.0011476266024204426,7.0
40,-2.000000000000007,0.0009405933431629945,7.0
41,-1.9500000000000073,0.0007416866672793984,7.0
42,-1.9000000000000075,0.0005547213277901453,7.0
43,-1.8500000000000076,0.00038430507704920045,7.0
44,-1.8000000000000078,0.00023601535939914115,7.0
45,-1.750000000000008,0.00011664000166089527,7.0
46,-1.7000000000000082,3.451381990381788e-05,7.0
47,-1.6500000000000083,0.0,7.0
48,-1.6000000000000085,2.6191462792151004e-05,7.0
49,-1.5500000000000087,0.0001299489529452036,7.0
50,-1.5000000000000089,0.0003334588857442809,7.0
51,-1.450000000000009,0.000666600997488953,7.0
52,-1.4000000000000092,0.0011705897336041335,7.0
53,-1.3500000000000094,0.0019036355150957147,7.0
54,-1.3000000000000096,0.0029498232175056726,7.0
55,-1.2500000000000098,0.004433098124345887,7.0
56,-1.20000000000001,0.006539218334476924,7.0
57,-1.1500000000000101,0.009549587865082268,7.0
58,-1.1000000000000103,0.013891086798599376,7.0
59,-1.0500000000000105,0.020202464230137312,7.0
60,-1.0000000000000107,0.02940380082266031,7.0
61,-0.9500000000000108,0.0427203439147299,7.0
62,-0.900000000000011,0.06155308045878378,7.0
63,-0.8500000000000112,0.08705052668709863,7.0
64,-0.8000000000000114,0.1193512500158837,7.0
65,-0.7500000000000115,0.15683882212317982,7.0
66,-0.7000000000000117,0.19610124799452414,7.0
67,-0.6500000000000119,0.23297222883986907,7.0
68,-0.6000000000000121,0.2640736827139013,7.0
69,-0.5500000000000123,0.28779596727196843,7.0
70,-0.5000000000000124,0.30424076898099356,7.0
71,-0.4500000000000126,0.3144900006230146,7.0
72,-0.4000000000000128,0.31981326392850024,7.0
73,-0.35000000000001297,0.32117095393515144,7.0
74,-0.30000000000001315,0.31905865248206083,7.0
75,-0.2500000000000133,0.3135912133874263,7.0
76,-0.2000000000000135,0.30471207871297223,7.0
77,-0.15000000000001368,0.29244022434501427,7.0
78,-0.10000000000001386,0.27708116953052325,7.0
79,-0.05000000000001403,0.25933104146408575,7.0
80,-1.4210854715202004e-14,0.24022453972718066,7.0
81,0.04999999999998561,0.2209396090093513,7.0
82,0.09999999999998543,0.20254661846578778,7.0
83,0.14999999999998526,0.1858162938188755,7.0
84,0.19999999999998508,0.17115267938157827,7.0
85,0.2499999999999849,0.15863978398058715,7.0
86,0.2999999999999847,0.14814484577487325,7.0
87,0.34999999999998455,0.13942354565618034,7.0
88,0.39999999999998437,0.13219858420620503,7.0
89,0.4499999999999842,0.1262065892455376,7.0
90,0.499999999999984,0.12122005162872346,7.0
91,0.5499999999999838,0.11705345725729416,7.0
92,0.5999999999999837,0.11356105214587457,7.0
93,0.6499999999999835,0.11063107160142552,7.0
94,0.6999999999999833,0.1081791355896771,7.0
95,0.7499999999999831,0.10614211701780715,7.0
96,0.799999999999983,0.10447298771915305,7.0
97,0.8499999999999828,0.10313673319740604,7.0
98,0.8999999999999826,0.10210723950671212,7.0
99,0.9499999999999824,0.101364988921427,7.0
100,0.9999999999999822,0.10089539388319144,7.0
101,1.049999999999982,0.10068761757024242,7.0
102,1.0999999999999819,0.10073375698616728,7.0
103,1.1499999999999817,0.10102829230344783,7.0
104,1.1999999999999815,0.10156773064678513,7.0
105,1.2499999999999813,0.10235039232763461,7.0
106,1.2999999999999812,0.10337630271748703,7.0
107,1.349999999999981,0.10464716399792251,7.0
108,1.3999999999999808,0.10616638867962777,7.0
109,1.4499999999999806,0.10793918179398446,7.0
110,1.4999999999999805,0.10997266171833002,7.0
111,1.5499999999999803,0.11227601128477357,7.0
112,1.59999999999998,0.11486065161184658,7.0
113,1.64999999999998,0.11774043134388804,7.0
114,1.6999999999999797,0.12093182393586688,7.0
115,1.7499999999999796,0.1244541254411656,7.0
116,1.7999999999999794,0.12832964503123467,7.0
117,1.8499999999999792,0.13258388022613374,7.0
118,1.899999999999979,0.13724566853226391,7.0
119,1.9499999999999789,0.14234730683644015,7.0
120,1.9999999999999787,0.1479246294592689,7.0
121,2.0499999999999785,0.15401703520250642,7.0
122,2.0999999999999783,0.16066745303390792,7.0
123,2.149999999999978,0.16792223526741182,7.0
124,2.199999999999978,0.17583096627672465,7.0
125,2.249999999999978,0.18444617401891392,7.0
126,2.2999999999999776,0.1938229310641477,7.0
127,2.3499999999999774,0.204018331579424,7.0
128,2.3999999999999773,0.21509083097749418,7.0
129,2.449999999999977,0.22709943592697399,7.0
130,2.499999999999977,0.24010273436959043,7.0
131,2.5499999999999767,0.25415775838560056,7.0
132,2.5999999999999766,0.26931867749985205,7.0
133,2.6499999999999764,0.2856353266512823,7.0
134,2.699999999999976,0.30315158184731594,7.0
135,2.749999999999976,0.3219036076729395,7.0
136,2.799999999999976,0.34191801428852814,7.0
137,2.8499999999999757,0.36320997695378004,7.0
138,2.8999999999999755,0.38578138761040126,7.0
139,2.9499999999999753,0.4096191242387228,7.0
140,2.999999999999975,0.43469353760629253,7.0
141,3.049999999999975,0.46095726424253486,7.0
142,3.0999999999999748,0.48834447642985945,7.0
143,3.1499999999999746,0.5167706723776505,7.0
144,3.1999999999999744,0.5461330909853614,7.0
145,3.2499999999999742,0.5763118054202526,7.0
146,3.299999999999974,0.6071715094979749,7.0
147,3.349999999999974,0.6385639636883429,7.0
148,3.3999999999999737,0.6703310181345216,7.0
149,3.4499999999999735,0.7023080839713126,7.0
150,3.4999999999999734,0.7343278871276611,7.0
151,3.549999999999973,0.7662243154681081,7.0
152,3.599999999999973,0.7978361635746023,7.0
153,3.649999999999973,0.8290105903984046,7.0
154,3.6999999999999726,0.8596061317286937,7.0
155,3.7499999999999725,0.8894951482037119,7.0
156,3.7999999999999723,0.9185656353950606,7.0
157,3.849999999999972,0.9467223698766842,7.0
158,3.899999999999972,0.9738874091536488,7.0
159,3.9499999999999718,0.999999999999999,7.0
0,-4.0,0.013793346694981674,8.0
1,-3.95,0.012679817971812087,8.0
2,-3.9000000000000004,0.011574980056030797,8.0
3,-3.8500000000000005,0.01048403898078577,8.0
4,-3.8000000000000007,0.009412550951604266,8.0
5,-3.750000000000001,0.008366391324705673,8.0
6,-3.700000000000001,0.007351716370772324,8.0
7,-3.6500000000000012,0.006374918158507422,8.0
8,-3.6000000000000014,0.005442573117721152,8.0
9,-3.5500000000000016,0.004561385059032387,8.0
10,-3.5000000000000018,0.0037381236247105206,8.0
11,-3.450000000000002,0.002979559311332081,8.0
12,-3.400000000000002,0.0022923963297101805,8.0
13,-3.3500000000000023,0.0016832046432185878,8.0
14,-3.3000000000000025,0.001158352547297614,8.0
15,-3.2500000000000027,0.0007239411192783296,8.0
16,-3.200000000000003,0.00038574178100578743,8.0
17,-3.150000000000003,0.0001491380829108174,8.0
18,-3.100000000000003,1.9072646108115218e-05,8.0
19,-3.0500000000000034,0.0,8.0
20,-3.0000000000000036,9.584583940745972e-05,8.0
21,-2.9500000000000037,0.00030997301040279197,8.0
22,-2.900000000000004,0.0006451543302002727,8.0
23,-2.850000000000004,0.0011035521645031306,8.0
24,-2.8000000000000043,0.0016867045342676482,8.0
25,-2.7500000000000044,0.0023955174088866236,8.0
26,-2.7000000000000046,0.0032302627674341386,8.0
27,-2.650000000000005,0.004190581974072031,8.0
28,-2.600000000000005,0.005275494015664213,8.0
29,-2.550000000000005,0.006483408184459796,8.0
30,-2.5000000000000053,0.0078121408499745425,8.0
31,-2.4500000000000055,0.009258936044193448,8.0
32,-2.4000000000000057,0.010820489674275055,8.0
33,-2.350000000000006,0.012492977267882536,8.0
34,-2.300000000000006,0.01427208523865017,8.0
35,-2.250000000000006,0.01615304572357418,8.0
36,-2.2000000000000064,0.018130675080695824,8.0
37,-2.1500000000000066,0.02019941613470796,8.0
38,-2.1000000000000068,0.022353384210122475,8.0
39,-2.050000000000007,0.024586416886096824,8.0
40,-2.000000000000007,0.026892127232792547,8.0
41,-1.9500000000000073,0.02926396003402952,8.0
42,-1.9000000000000075,0.03169525015132186,8.0
43,-1.8500000000000076,0.034179281724814006,8.0
44,-1.8000000000000078,0.03670934632025018,8.0
45,-1.750000000000008,0.039278797400099104,8.0
46,-1.7000000000000082,0.04188109760425913,8.0
47,-1.6500000000000083,0.044509854258579666,8.0
48,-1.6000000000000085,0.047158837285129825,8.0
49,-1.5500000000000087,0.04982197228433962,8.0
50,-1.5000000000000089,0.05249330004926268,8.0
51,-1.450000000000009,0.05516689226899947,8.0
52,-1.4000000000000092,0.057836711887478076,8.0
53,-1.3500000000000094,0.06049640585055583,8.0
54,-1.3000000000000096,0.06313901834386072,8.0
55,-1.2500000000000098,0.0657566149135493,8.0
56,-1.20000000000001,0.06833981323797468,8.0
57,-1.1500000000000101,0.07087722635066537,8.0
58,-1.1000000000000103,0.0733548407719199,8.0
59,-1.0500000000000105,0.07575537750308892,8.0
60,-1.0000000000000107,0.07805772022456206,8.0
61,-0.9500000000000108,0.08023654336858792,8.0
62,-0.900000000000011,0.0822623316640474,8.0
63,-0.8500000000000112,0.08410204651656188,8.0
64,-0.8000000000000114,0.085720750715717,8.0
65,-0.7500000000000115,0.08708453057705547,8.0
66,-0.7000000000000117,0.0881650252956184,8.0
67,-0.6500000000000119,0.08894575702094588,8.0
68,-0.6000000000000121,0.08943023380832317,8.0
69,-0.5500000000000123,0.0896514845080327,8.0
70,-0.5000000000000124,0.08968234218978376,8.0
71,-0.4500000000000126,0.08964553025302364,8.0
72,-0.4000000000000128,0.08972253878273363,8.0
73,-0.35000000000001297,0.09016045029185317,8.0
74,-0.30000000000001315,0.0912761730784229,8.0
75,-0.2500000000000133,0.09345769993147827,8.0
76,-0.2000000000000135,0.0971617334721303,8.0
77,-0.15000000000001368,0.10290619725470836,8.0
78,-0.10000000000001386,0.11125502614000425,8.0
79,-0.05000000000001403,0.12279179092806142,8.0
80,-1.4210854715202004e-14,0.1380789488142211,8.0
81,0.04999999999998561,0.1576016113246726,8.0
82,0.09999999999998543,0.18169919150600822,8.0
83,0.14999999999998526,0.21049477603081407,8.0
84,0.19999999999998508,0.24383853062018732,8.0
85,0.2499999999999849,0.28128403394159296,8.0
86,0.2999999999999847,0.322111301926233,8.0
87,0.34999999999998455,0.3653971007357578,8.0
88,0.39999999999998437,0.4101172759359515,8.0
89,0.4499999999999842,0.455255592684408,8.0
90,0.499999999999984,0.4998942909378878,8.0
91,0.5499999999999838,0.5432716116359241,8.0
92,0.5999999999999837,0.5848043998427351,8.0
93,0.6499999999999835,0.6240832960351579,8.0
94,0.6999999999999833,0.6608515521513632,8.0
95,0.7499999999999831,0.6949773281902718,8.0
96,0.799999999999983,0.7264260206414414,8.0
97,0.8499999999999828,0.7552358664364223,8.0
98,0.8999999999999826,0.7814977611695864,8.0
99,0.9499999999999824,0.8053390373105267,8.0
100,0.9999999999999822,0.8269105505460369,8.0
101,1.049999999999982,0.8463764385336668,8.0
102,1.0999999999999819,0.8639060679618356,8.0
103,1.1499999999999817,0.8796678278456217,8.0
104,1.1999999999999815,0.8938245132089658,8.0
105,1.2499999999999813,0.9065300795112113,8.0
106,1.2999999999999812,0.9179275568850314,8.0
107,1.349999999999981,0.9281479148128575,8.0
108,1.3999999999999808,0.937309674169834,8.0
109,1.4499999999999806,0.9455190785729837,8.0
110,1.4999999999999805,0.9528706596613788,8.0
111,1.5499999999999803,0.9594480580996001,8.0
112,1.59999999999998,0.965324990321801,8.0
113,1.64999999999998,0.9705662776181724,8.0
114,1.6999999999999797,0.97522887742128,8.0
115,1.7499999999999796,0.9793628758108014,8.0
116,1.7999999999999794,0.9830124152428908,8.0
117,1.8499999999999792,0.9862165426811548,8.0
118,1.899999999999979,0.9890099712418428,8.0
119,1.9499999999999789,0.9914237538237576,8.0
120,1.9999999999999787,0.9934858706111397,8.0
121,2.0499999999999785,0.9952217343800241,8.0
122,2.0999999999999783,0.9966546186722066,8.0
123,2.149999999999978,0.9978060144882177,8.0
124,2.199999999999978,0.9986959214526538,8.0
125,2.249999999999978,0.9993430795910544,8.0
126,2.2999999999999776,0.9997651480179937,8.0
127,2.3499999999999774,0.9999788369992441,8.0
128,2.3999999999999773,0.999999999999998,8.0
129,2.449999999999977,0.9998436924230061,8.0
130,2.499999999999977,0.9995242037232893,8.0
131,2.5499999999999767,0.9990550694144704,8.0
132,2.5999999999999766,0.9984490691282029,8.0
133,2.6499999999999764,0.997718216348753,8.0
134,2.699999999999976,0.9968737447400497,8.0
135,2.749999999999976,0.9959260951534373,8.0
136,2.799999999999976,0.9948849065052546,8.0
137,2.8499999999999757,0.9937590128033774,8.0
138,2.8999999999999755,0.9925564477367981,8.0
139,2.9499999999999753,0.9912844574682852,8.0
140,2.999999999999975,0.9899495216195272,8.0
141,3.049999999999975,0.988557381928242,8.0
142,3.0999999999999748,0.9871130776906966,8.0
143,3.1499999999999746,0.9856209868723992,8.0
144,3.1999999999999744,0.9840848716575427,8.0
145,3.2499999999999742,0.9825079271923393,8.0
146,3.299999999999974,0.9808928323352464,8.0
147,3.349999999999974,0.9792418013355004,8.0
148,3.3999999999999737,0.9775566355001005,8.0
149,3.4499999999999735,0.9758387740616189,8.0
150,3.4999999999999734,0.9740893436119197,8.0
151,3.549999999999973,0.9723092056107542,8.0
152,3.599999999999973,0.9704990016072237,8.0
153,3.649999999999973,0.9686591959230068,8.0
154,3.6999999999999726,0.9667901156378826,8.0
155,3.7499999999999725,0.964891987790867,8.0
156,3.7999999999999723,0.9629649737656768,8.0
157,3.849999999999972,0.9610092008693707,8.0
158,3.899999999999972,0.9590247911402573,8.0
159,3.9499999999999718,0.9570118874380376,8.0
0,-4.0,0.0008823363310348357,9.0
1,-3.95,0.0007835867372179688,9.0
2,-3.9000000000000004,0.0006878634017082444,9.0
3,-3.8500000000000005,0.0005957005105457976,9.0
4,-3.8000000000000007,0.0005076639220265851,9.0
5,-3.750000000000001,0.0004243505428317718,9.0
6,-3.700000000000001,0.0003463875765840956,9.0
7,-3.6500000000000012,0.0002744317055987486,9.0
8,-3.6000000000000014,0.00020916828194461205,9.0
9,-3.5500000000000016,0.00015131061878161033,9.0
10,-3.5000000000000018,0.00010159948656386552,9.0
11,-3.450000000000002,6.080293035966796e-05,9.0
12,-3.400000000000002,2.971653354578069e-05,9.0
13,-3.3500000000000023,9.164258880412757e-06,9.0
14,-3.3000000000000025,0.0,9.0
15,-3.2500000000000027,3.1099744410253735e-06,9.0
16,-3.200000000000003,1.9416083323076e-05,9.0
17,-3.150000000000003,4.988035300810702e-05,9.0
18,-3.100000000000003,9.551056078794777e-05,9.0
19,-3.0500000000000034,0.00015736713056321055,9.0
20,-3.0000000000000036,0.00023657136634533865,9.0
21,-2.9500000000000037,0.0003343150721988636,9.0
22,-2.900000000000004,0.0004518715879836042,9.0
23,-2.850000000000004,0.0005906082521189391,9.0
24,-2.8000000000000043,0.000752000286801586,9.0
25,-2.7500000000000044,0.0009376460889872948,9.0
26,-2.7000000000000046,0.0011492839034368146,9.0
27,-2.650000000000005,0.001388809853817271,9.0
28,-2.600000000000005,0.0016582973160322743,9.0
29,-2.550000000000005,0.0019600176366769196,9.0
30,-2.5000000000000053,0.0022964622310785113,9.0
31,-2.4500000000000055,0.002670366142388992,9.0
32,-2.4000000000000057,0.003084733208430551,9.0
33,-2.350000000000006,0.0035428630693587785,9.0
34,-2.300000000000006,0.004048380359489353,9.0
35,-2.250000000000006,0.004605266563237757,9.0
36,-2.2000000000000064,0.005217895179763461,9.0
37,-2.1500000000000066,0.005891071034235452,9.0
38,-2.1000000000000068,0.006630074794948865,9.0
39,-2.050000000000007,0.007440714002591609,9.0
40,-2.000000000000007,0.008329382187035706,9.0
41,-1.9500000000000073,0.009303127933139178,9.0
42,-1.9000000000000075,0.010369736054591211,9.0
43,-1.8500000000000076,0.011537823338354998,9.0
44,-1.8000000000000078,0.012816951627434514,9.0
45,-1.750000000000008,0.014217761313986369,9.0
46,-1.7000000000000082,0.015752128617817523,9.0
47,-1.6500000000000083,0.017433350328065308,9.0
48,-1.6000000000000085,0.019276359988701437,9.0
49,-1.5500000000000087,0.021297979807244957,9.0
50,-1.5000000000000089,0.023517212845691908,9.0
51,-1.450000000000009,0.025955580278475592,9.0
52,-1.4000000000000092,0.028637508607870194,9.0
53,-1.3500000000000094,0.031590771599303985,9.0
54,-1.3000000000000096,0.034846991158604644,9.0
55,-1.2500000000000098,0.03844220015403827,9.0
56,-1.20000000000001,0.04241746791130198,9.0
57,-1.1500000000000101,0.04681958527031495,9.0
58,-1.1000000000000103,0.051701800033854536,9.0
59,-1.0500000000000105,0.05712458456608346,9.0
60,-1.0000000000000107,0.06315640432937494,9.0
61,-0.9500000000000108,0.06987443842690533,9.0
62,-0.900000000000011,0.07736518016365038,9.0
63,-0.8500000000000112,0.0857248173492985,9.0
64,-0.8000000000000114,0.09505925994643649,9.0
65,-0.7500000000000115,0.10548365023218848,9.0
66,-0.7000000000000117,0.11712116434704699,9.0
67,-0.6500000000000119,0.13010090375987218,9.0
68,-0.6000000000000121,0.14455469317222933,9.0
69,-0.5500000000000123,0.16061265971625352,9.0
70,-0.5000000000000124,0.17839757266358636,9.0
71,-0.4500000000000126,0.19801806441689954,9.0
72,-0.4000000000000128,0.2195610017429907,9.0
73,-0.35000000000001297,0.24308337943829647,9.0
74,-0.30000000000001315,0.26860411106894727,9.0
75,-0.2500000000000133,0.29609596951668427,9.0
76,-0.2000000000000135,0.32547773854204326,9.0
77,-0.15000000000001368,0.3566065348354685,9.0
78,-0.10000000000001386,0.3892704768553946,9.0
79,-0.05000000000001403,0.4231825854432932,9.0
80,-1.4210854715202004e-14,0.45797792990688196,9.0
81,0.04999999999998561,0.49321711753977515,9.0
82,0.09999999999998543,0.5283994681748204,9.0
83,0.14999999999998526,0.5629878725249112,9.0
84,0.19999999999998508,0.5964443013911647,9.0
85,0.2499999999999849,0.6282711525418944,9.0
86,0.2999999999999847,0.6580508156115463,9.0
87,0.34999999999998455,0.6854755450804058,9.0
88,0.39999999999998437,0.710362282760882,9.0
89,0.4499999999999842,0.7326513089216953,9.0
90,0.499999999999984,0.7523916411579195,9.0
91,0.5499999999999838,0.7697184696114349,9.0
92,0.5999999999999837,0.7848282181838643,9.0
93,0.6499999999999835,0.7979556011246097,9.0
94,0.6999999999999833,0.8093552116443983,9.0
95,0.7499999999999831,0.8192884785530865,9.0
96,0.799999999999983,0.8280156235803956,9.0
97,0.8499999999999828,0.835791579681232,9.0
98,0.8999999999999826,0.8428645396388837,9.0
99,0.9499999999999824,0.8494756940848958,9.0
100,0.9999999999999822,0.8558586252465286,9.0
101,1.049999999999982,0.8622366901391338,9.0
102,1.0999999999999819,0.868816674221123,9.0
103,1.1499999999999817,0.8757773567715903,9.0
104,1.1999999999999815,0.8832528467215915,9.0
105,1.2499999999999813,0.8913128410892704,9.0
106,1.2999999999999812,0.8999448364532885,9.0
107,1.349999999999981,0.9090453538392191,9.0
108,1.3999999999999808,0.9184265833559386,9.0
109,1.4499999999999806,0.9278406341202534,9.0
110,1.4999999999999805,0.9370171053414718,9.0
111,1.5499999999999803,0.9457042446698977,9.0
112,1.59999999999998,0.9537026584181691,9.0
113,1.64999999999998,0.960884029669256,9.0
114,1.6999999999999797,0.9671933232102682,9.0
115,1.7499999999999796,0.9726382012537041,9.0
116,1.7999999999999794,0.9772717761027171,9.0
117,1.8499999999999792,0.9811743891527426,9.0
118,1.899999999999979,0.9844381233753094,9.0
119,1.9499999999999789,0.9871555989987321,9.0
120,1.9999999999999787,0.9894130412972394,9.0
121,2.0499999999999785,0.9912868020201302,9.0
122,2.0999999999999783,0.9928422861361068,9.0
123,2.149999999999978,0.9941343335328274,9.0
124,2.199999999999978,0.9952083348140871,9.0
125,2.249999999999978,0.9961016040970675,9.0
126,2.2999999999999776,0.9968447342108508,9.0
127,2.3499999999999774,0.9974628037644572,9.0
128,2.3999999999999773,0.9979763947431288,9.0
129,2.449999999999977,0.9984024263160942,9.0
130,2.499999999999977,0.9987548299333607,9.0
131,2.5499999999999767,0.9990450948094034,9.0
132,2.5999999999999766,0.9992827099910023,9.0
133,2.6499999999999764,0.9994755242452421,9.0
134,2.699999999999976,0.9996300402485998,9.0
135,2.749999999999976,0.9997516557563263,9.0
136,2.799999999999976,0.9998448616133393,9.0
137,2.8499999999999757,0.999913404420487,9.0
138,2.8999999999999755,0.9999604201592309,9.0
139,2.9499999999999753,0.9999885439242382,9.0
140,2.999999999999975,0.9999999999999948,9.0
141,3.049999999999975,0.9999966757741032,9.0
142,3.0999999999999748,0.9999801823653035,9.0
143,3.1499999999999746,0.999951904333383,9.0
144,3.1999999999999744,0.9999130404139841,9.0
145,3.2499999999999742,0.99986463687071,9.0
146,3.299999999999974,0.9998076147687135,9.0
147,3.349999999999974,0.9997427922382456,9.0
148,3.3999999999999737,0.9996709026046805,9.0
149,3.4499999999999735,0.9995926091056366,9.0
150,3.4999999999999734,0.9995085167893474,9.0
151,3.549999999999973,0.9994191820858132,9.0
152,3.599999999999973,0.9993251204588386,9.0
153,3.649999999999973,0.999226812478997,9.0
154,3.6999999999999726,0.9991247086017796,9.0
155,3.7499999999999725,0.999019232889203,9.0
156,3.7999999999999723,0.9989107858749835,9.0
157,3.849999999999972,0.9987997467414753,9.0
158,3.899999999999972,0.9986864749497074,9.0
159,3.9499999999999718,0.9985713114410634,9.0
