,x1,y,rep,ymodel
0,-1.9500000000000075,0.052185363849606,0.0,0.05283906682938475
1,-1.9000000000000077,0.0566088255799026,0.0,0.05693213352708424
2,-1.850000000000008,0.0616857929240057,0.0,0.06172935477770456
3,-1.8000000000000078,0.0675689512566424,0.0,0.06739208389844639
4,-1.750000000000008,0.074451657050552,0.0,0.07412221760972645
5,-1.7000000000000082,0.0825787283708533,0.0,0.08217199488235558
6,-1.6500000000000083,0.092259269021462,0.0,0.09185523856807773
7,-1.6000000000000083,0.1038808339761566,0.0,0.10355918566245778
8,-1.5500000000000087,0.1179228111524518,0.0,0.11775472891188452
9,-1.5000000000000089,0.1349641456127819,0.0,0.13500047926528677
10,-1.450000000000009,0.1556758378698729,0.0,0.15593210668670374
11,-1.4000000000000092,0.1807818921668444,0.0,0.18122293784465934
12,-1.3500000000000094,0.2109656163062089,0.0,0.21149652326215893
13,-1.3000000000000096,0.2466985818851335,0.0,0.2471725754612157
14,-1.2500000000000098,0.2879916023761817,0.0,0.2882457620470624
15,-1.20000000000001,0.3341251414832339,0.0,0.33404425412266614
16,-1.15000000000001,0.3834970858930184,0.0,0.38308289170970017
17,-1.1000000000000103,0.4337557063673032,0.0,0.4331574330451739
18,-1.0500000000000105,0.4822707670375558,0.0,0.4817404834806499
19,-1.0000000000000109,0.5267640078390321,0.0,0.5265459490477219
20,-0.9500000000000108,0.5657802382906206,0.0,0.5659934295864054
21,-0.900000000000011,0.5987948757019851,0.0,0.5993770079930019
22,-0.8500000000000112,0.6260072746581148,0.0,0.6267474319152175
23,-0.8000000000000114,0.6480196520358591,0.0,0.6486539104530308
24,-0.7500000000000115,0.6655717885723096,0.0,0.6658879443245801
25,-0.7000000000000117,0.679392359946427,0.0,0.6792984445176352
26,-0.6500000000000119,0.6901462914509019,0.0,0.6896855492349765
27,-0.6000000000000121,0.6984330344673126,0.0,0.6977537411175776
28,-0.5500000000000123,0.7048010145370404,0.0,0.7041018402373401
29,-0.5000000000000124,0.7097616259733569,0.0,0.7092332297374544
30,-0.4500000000000126,0.7137988035505529,0.0,0.7135761729417
31,-0.4000000000000128,0.7173756504945232,0.0,0.7175087554834468
32,-0.3500000000000129,0.7209404547464687,0.0,0.7213856683303882
33,-0.3000000000000131,0.72493329688501,0.0,0.7255651181488194
34,-0.2500000000000133,0.7297927577639811,0.0,0.7304338491029884
35,-0.2000000000000135,0.735960399611805,0.0,0.7364265309797168
36,-0.1500000000000136,0.7438786459554514,0.0,0.7440323914167858
37,-0.1000000000000138,0.7539752920646767,0.0,0.7537770997654584
38,-0.050000000000014,0.7666254851035625,0.0,0.7661634443626312
39,-1.4210854715202004e-14,0.7820813185539686,0.0,0.7815561284064322
40,0.0499999999999856,0.8003644708524288,0.0,0.8000145329718509
41,0.0999999999999854,0.8211357894824677,0.0,0.8211201653587086
42,0.1499999999999852,0.8435923559053907,0.0,0.8438967717091189
43,0.199999999999985,0.8664828653153159,0.0,0.8669268544882037
44,0.2499999999999849,0.8883233488991984,0.0,0.8886773574247422
45,0.2999999999999847,0.907781809049798,0.0,0.9079005766291258
46,0.3499999999999845,0.9240404000402948,0.0,0.9239098792304472
47,0.3999999999999843,0.9369234188606216,0.0,0.9366188476378762
48,0.4499999999999842,0.946760623631482,0.0,0.9463868014982255
49,0.499999999999984,0.9541368324353832,0.0,0.9537958642559271
50,0.5499999999999838,0.9596842719803492,0.0,0.9594634472102231
51,0.5999999999999837,0.9639702721820133,0.0,0.9639304428388257
52,0.6499999999999835,0.9674568961615856,0.0,0.967617569657048
53,0.6999999999999833,0.9704956137246756,0.0,0.9708248667182774
54,0.7499999999999831,0.9733346041190996,0.0,0.9737513226510911
55,0.799999999999983,0.9761300833765972,0.0,0.9765198362030091
56,0.8499999999999828,0.9789595120357096,0.0,0.9792001287366136
57,0.8999999999999826,0.981836264017914,0.0,0.9818269678266555
58,0.9499999999999824,0.9847253208806028,0.0,0.9844134858231651
59,0.9999999999999822,0.987559262662594,0.0,0.9869603545680193
60,1.049999999999982,0.9902537032212494,0.0,0.9894618083930499
61,1.099999999999982,0.9927213853292456,0.0,0.9919094191074437
62,1.1499999999999817,0.9948842963992314,0.0,0.9942943388129272
63,1.1999999999999815,0.9966832736914764,0.0,0.9966085363572305
64,1.2499999999999811,0.9980845998149545,0.0,0.9988453955561502
65,1.2999999999999812,0.9990831195795116,0.0,1.0009999241585799
66,1.349999999999981,0.9997015811542994,0.0,1.003068737246786
67,1.3999999999999808,0.9999863185114376,0.0,1.0050499198729421
68,1.4499999999999806,0.999999999999999,0.0,1.0069428341209374
69,1.4999999999999805,0.9998127599933754,0.0,1.008747909708955
70,1.5499999999999805,0.9994933432119876,0.0,1.0104664404304176
71,1.59999999999998,0.9991017664259156,0.0,1.012100398115006
72,1.64999999999998,0.9986844840041283,0.0,1.0136522692629564
73,1.6999999999999795,0.9982723453362462,0.0,1.0151249156293836
74,1.7499999999999796,0.9978810073711948,0.0,1.0165214578517794
75,1.7999999999999794,0.9975130839065764,0.0,1.017845180090003
76,1.8499999999999792,0.997161211082377,0.0,1.0190994531713868
77,1.899999999999979,0.9968113186774546,0.0,1.0202876736382716
78,1.9499999999999789,0.996445612601588,0.0,1.0214132162127885
79,1.999999999999979,0.9960450021867576,0.0,1.0224793974189952
80,-1.9500000000000075,0.6785805385621687,1.0,0.6774217662098133
81,-1.9000000000000077,0.6558165524517506,1.0,0.6559894384441208
82,-1.850000000000008,0.6321702283682403,1.0,0.6330016660224093
83,-1.8000000000000078,0.6078089529538273,1.0,0.6087032678337402
84,-1.750000000000008,0.5829512962390503,1.0,0.5834640594945213
85,-1.7000000000000082,0.557867209459536,1.0,0.5577710071850598
86,-1.6500000000000083,0.532874605257818,1.0,0.5321957605345197
87,-1.6000000000000083,0.5083321561249448,1.0,0.5073361802512006
88,-1.5500000000000087,0.484628219508298,1.0,0.4837384202974221
89,-1.5000000000000089,0.462164375953112,1.0,0.46181386657068446
90,-1.450000000000009,0.4413273043209272,1.0,0.44176884108976233
91,-1.4000000000000092,0.4224329226782359,1.0,0.4235624812852977
92,-1.3500000000000094,0.4056141969267766,1.0,0.40690149378366147
93,-1.3000000000000096,0.3906258076903037,1.0,0.3912742597497795
94,-1.2500000000000098,0.3766048914940763,1.0,0.3760253320117898
95,-1.20000000000001,0.3620287010479248,1.0,0.3604756812305472
96,-1.15000000000001,0.3453550894609396,1.0,0.3440994386855193
97,-1.1000000000000103,0.326469084822539,1.0,0.3267589603220107
98,-1.0500000000000105,0.3074895397024249,1.0,0.3089386242422999
99,-1.0000000000000109,0.2909523081792968,1.0,0.2917372962831787
100,-0.9500000000000108,0.2767979406049125,1.0,0.2761016015405383
101,-0.900000000000011,0.2618936757450946,1.0,0.2610418248459694
102,-0.8500000000000112,0.2425082942194433,1.0,0.24273408755181436
103,-0.8000000000000114,0.2172785327972896,1.0,0.21793995910354236
104,-0.7500000000000115,0.1885490853208555,1.0,0.18862723139614956
105,-0.7000000000000117,0.1612067604439566,1.0,0.16076396142438387
106,-0.6500000000000119,0.1400252901390825,1.0,0.13967955955140687
107,-0.6000000000000121,0.1277864468137161,1.0,0.12782194585652906
108,-0.5500000000000123,0.1251778093734296,1.0,0.12545540134487249
109,-0.5000000000000124,0.1316346009980746,1.0,0.13190397273596033
110,-0.4500000000000126,0.1461027078441501,1.0,0.14621352600993165
111,-0.4000000000000128,0.1673935339332871,1.0,0.16733006925735494
112,-0.3500000000000129,0.1942314000489214,1.0,0.19406038290825633
113,-0.3000000000000131,0.2251679446160184,1.0,0.22497686806917244
114,-0.2500000000000133,0.2584961615602975,1.0,0.2583572128751074
115,-0.2000000000000135,0.2922474867259882,1.0,0.29220864537541036
116,-0.1500000000000136,0.3243032137921124,1.0,0.32438632981157556
117,-0.1000000000000138,0.3525918224017969,1.0,0.35277679772282
118,-0.050000000000014,0.3752981056489289,1.0,0.37549945452586436
119,-1.4210854715202004e-14,0.3910086017730007,1.0,0.39108703514227283
120,0.0499999999999856,0.3987637569087104,1.0,0.3986138284197656
121,0.0999999999999854,0.3980470915986474,1.0,0.3977256297911864
122,0.1499999999999852,0.3887737367697696,1.0,0.38852893690091633
123,0.199999999999985,0.3713256697063671,1.0,0.3714090501215383
124,0.2499999999999849,0.346628699110907,1.0,0.34701422256625214
125,0.2999999999999847,0.3162071869217785,1.0,0.31655065393338855
126,0.3499999999999845,0.2821256690665542,1.0,0.28208141526405306
127,0.3999999999999843,0.2467608701190502,1.0,0.2463231898087353
128,0.4499999999999842,0.2124361022810639,1.0,0.21193875543427423
129,0.499999999999984,0.1810389248872047,1.0,0.18086009927572488
130,0.5499999999999838,0.1537644651417149,1.0,0.15405040998420533
131,0.5999999999999837,0.1310613557010234,1.0,0.13166455134602154
132,0.6499999999999835,0.1127568127179812,1.0,0.11335903082982318
133,0.6999999999999833,0.098273766193882,1.0,0.09856667696431659
134,0.7499999999999831,0.0868518307774078,1.0,0.08667495454486912
135,0.799999999999983,0.0777195289974875,1.0,0.07711823733077919
136,0.8499999999999828,0.07020212806824,1.0,0.06941387412132417
137,0.8999999999999826,0.0637716960082377,1.0,0.06316783601140849
138,0.9499999999999824,0.0580546978303393,1.0,0.058066561915987885
139,0.9999999999999822,0.0528134956282383,1.0,0.0538641220995528
140,1.049999999999982,0.0479156560921548,1.0,0.050369095421911966
141,1.099999999999982,0.043301159345987,1.0,0.04743295994587918
142,1.1499999999999817,0.0389536353426494,1.0,0.04494050795638885
143,1.1999999999999815,0.0348783778028798,1.0,0.04280222333469905
144,1.2499999999999811,0.0310874918960054,1.0,0.04094834678489359
145,1.2999999999999812,0.0275911663221543,1.0,0.0393243097067969
146,1.349999999999981,0.0243935225450966,1.0,0.037887242494904994
147,1.3999999999999808,0.0214914907175653,1.0,0.036603310866494904
148,1.4499999999999806,0.0188754292214673,1.0,0.03544568377433474
149,1.4999999999999805,0.0165305577039797,1.0,0.03439298053989742
150,1.5499999999999805,0.0144386054033165,1.0,0.03342808088729962
151,1.59999999999998,0.0125793393821406,1.0,0.03253720985754499
152,1.64999999999998,0.0109318204347148,1.0,0.03170923129154485
153,1.6999999999999795,0.0094753476088516,1.0,0.03093510000135821
154,1.7499999999999796,0.008190113102595,1.0,0.03020743509253698
155,1.7999999999999794,0.0070576155950275,1.0,0.029520186139281004
156,1.8499999999999792,0.0060608862034107,1.0,0.028868370821497454
157,1.899999999999979,0.0051845771718502,1.0,0.028247867800347434
158,1.9499999999999789,0.0044149551946344,1.0,0.027655252481782185
159,1.999999999999979,0.003739832289879,1.0,0.027087666227965986
160,-1.9500000000000075,0.6882285279613045,2.0,0.6871534369081731
161,-1.9000000000000077,0.675937178985902,2.0,0.675855063767844
162,-1.850000000000008,0.6636538978356257,2.0,0.6641361226464211
163,-1.8000000000000078,0.651427446109886,2.0,0.6521117168165436
164,-1.750000000000008,0.6393105429883946,2.0,0.6399188904311871
165,-1.7000000000000082,0.6273603909734876,2.0,0.6277109334574861
166,-1.6500000000000083,0.6156393602088417,2.0,0.6156494553558554
167,-1.6000000000000083,0.6042157790394473,2.0,0.6038951706872423
168,-1.5500000000000087,0.5931647331065051,2.0,0.592598702931624
169,-1.5000000000000089,0.5825687222344222,2.0,0.5818927548452084
170,-1.450000000000009,0.5725179650418301,2.0,0.5718867172875656
171,-1.4000000000000092,0.5631100775969428,2.0,0.5626643538812619
172,-1.3500000000000094,0.5544487879948727,2.0,0.5542848142854678
173,-1.3000000000000096,0.5466412901183773,2.0,0.5467869948609422
174,-1.2500000000000098,0.5397937998168794,2.0,0.5401970933033737
175,-1.20000000000001,0.5340048780531628,2.0,0.534538845877253
176,-1.15000000000001,0.5293561647021403,2.0,0.5298450531135588
177,-1.1000000000000103,0.525900374604936,2.0,0.5261671952849272
178,-1.0500000000000105,0.5236468022553175,2.0,0.5235768670671044
179,-1.0000000000000109,0.522545206016546,2.0,0.522148708017834
180,-0.9500000000000108,0.5224697829683322,2.0,0.521912028695185
181,-0.900000000000011,0.5232058751915398,2.0,0.5227648466927509
182,-0.8500000000000112,0.5244427882558589,2.0,0.5243716092258537
183,-0.8000000000000114,0.5257762445564973,2.0,0.5261169051087381
184,-0.7500000000000115,0.5267231385633708,2.0,0.5272178305898549
185,-0.7000000000000117,0.5267492592431265,2.0,0.5270041174622992
186,-0.6500000000000119,0.5253078231630215,2.0,0.5251409507600104
187,-0.6000000000000121,0.5218838325268015,2.0,0.5215016722938021
188,-0.5500000000000123,0.516037420162513,2.0,0.5158078928873531
189,-0.5000000000000124,0.5074391236166937,2.0,0.5075297950628903
190,-0.4500000000000126,0.4958914296711982,2.0,0.49617344005899977
191,-0.4000000000000128,0.4813333619185597,2.0,0.48156374775970034
192,-0.3500000000000129,0.4638276415703259,2.0,0.4638554582657858
193,-0.3000000000000131,0.4435326454516928,2.0,0.44336905847008423
194,-0.2500000000000133,0.4206640024965865,2.0,0.42043026081155277
195,-0.2000000000000135,0.3954532265443153,2.0,0.39528620244525037
196,-0.1500000000000136,0.3681128684588551,2.0,0.3680903621020678
197,-0.1000000000000138,0.3388183183882114,2.0,0.3389296403567166
198,-0.050000000000014,0.3077145179830126,2.0,0.3078750738727234
199,-1.4210854715202004e-14,0.2749510915121615,2.0,0.2750470598076361
200,0.0499999999999856,0.2407427366931221,2.0,0.2406892668145122
201,0.0999999999999854,0.2054450078401769,2.0,0.20524139590171642
202,0.1499999999999852,0.1696300676458812,2.0,0.16938978167014918
203,0.199999999999985,0.1341418195488745,2.0,0.13406127702991577
204,0.2499999999999849,0.1001046667164514,2.0,0.10032980648414837
205,0.2999999999999847,0.0688619025694769,2.0,0.06927098564167174
206,0.3499999999999845,0.0418457784252999,2.0,0.04196270341639442
207,0.3999999999999843,0.020442668715816,2.0,0.019910909529794532
208,0.4499999999999842,0.00598501074103,2.0,0.005469489607865877
209,0.499999999999984,0.0,2.0,0.0005106534394677259
210,0.5499999999999838,0.0046654792234039,2.0,0.005122306557958464
211,0.5999999999999837,0.0228877875585424,2.0,0.022194259789993176
212,0.6499999999999835,0.0565857852420041,2.0,0.056318378558900664
213,0.6999999999999833,0.1027974609121618,2.0,0.10338099611866415
214,0.7499999999999831,0.1524414857115673,2.0,0.15261141377940995
215,0.799999999999983,0.1959589559389134,2.0,0.19545910458005766
216,0.8499999999999828,0.2289755379704094,2.0,0.22853428474198473
217,0.8999999999999826,0.2519948764481752,2.0,0.25207294586867846
218,0.9499999999999824,0.267501188450005,2.0,0.26785138990087626
219,0.9999999999999822,0.2780526170901264,2.0,0.2779014513381375
220,1.049999999999982,0.2856518218178532,2.0,0.28396674219603535
221,1.099999999999982,0.2917102553015021,2.0,0.28736934364499256
222,1.1499999999999817,0.2971738005768821,2.0,0.2890471752266208
223,1.1999999999999815,0.3026542964498133,2.0,0.2896395798539325
224,1.2499999999999811,0.3085315690430293,2.0,0.2895711073243616
225,1.2999999999999812,0.3150264485241373,2.0,0.2891183066940844
226,1.349999999999981,0.3222518877702299,2.0,0.28845835677832316
227,1.3999999999999808,0.3302484921826898,2.0,0.2877028145895778
228,1.4499999999999806,0.3390090157999955,2.0,0.2869204010783377
229,1.4999999999999805,0.3484950458692766,2.0,0.28615213530792766
230,1.5499999999999805,0.3586482096310791,2.0,0.28542128594181937
231,1.59999999999998,0.369397619271021,2.0,0.2847398724493028
232,1.64999999999998,0.3806648071721478,2.0,0.2841128921027631
233,1.6999999999999795,0.3923670417362813,2.0,0.28354105633011106
234,1.7499999999999796,0.4044196335107959,2.0,0.2830225529969365
235,1.7999999999999794,0.4167376305867171,2.0,0.28255417328012633
236,1.8499999999999792,0.429237150224907,2.0,0.28213202459581954
237,1.899999999999979,0.4418364888170301,2.0,0.2817519743041087
238,1.9499999999999789,0.4544570834391002,2.0,0.281409918793352
239,1.999999999999979,0.4670243557029903,2.0,0.2811019398264622
240,-1.9500000000000075,0.3197926953596112,3.0,0.31980328157361204
241,-1.9000000000000077,0.287269927231735,3.0,0.28767028590095245
242,-1.850000000000008,0.2559606937331911,3.0,0.25641576724860726
243,-1.8000000000000078,0.2261994225809631,3.0,0.2265396544110766
244,-1.750000000000008,0.1982754274862034,3.0,0.1984626438670507
245,-1.7000000000000082,0.1724178598664636,3.0,0.17249906072039078
246,-1.6500000000000083,0.1487853502048566,3.0,0.14884468372262927
247,-1.6000000000000083,0.1274614820712917,3.0,0.12757959929381069
248,-1.5500000000000087,0.1084563727471015,3.0,0.10868313120009844
249,-1.5000000000000089,0.0917137416241935,3.0,0.09205632079853589
250,-1.450000000000009,0.0771221322548182,3.0,0.07754731491233004
251,-1.4000000000000092,0.0645285546020989,3.0,0.06497581898293515
252,-1.3500000000000094,0.0537527708448032,3.0,0.054153845059906405
253,-1.3000000000000096,0.0446007061836777,3.0,0.04490087520594489
254,-1.2500000000000098,0.0368759100316493,3.0,0.037052137651036224
255,-1.20000000000001,0.0303884925992938,3.0,0.03045917675621769
256,-1.15000000000001,0.0249614104949058,3.0,0.024982873081586657
257,-1.1000000000000103,0.0204343089853077,3.0,0.02048133524529218
258,-1.0500000000000105,0.0166653286342451,3.0,0.016798953938144914
259,-1.0000000000000109,0.0135313637281966,3.0,0.013766628850809495
260,-0.9500000000000108,0.0109272503226105,3.0,0.011221532092612466
261,-0.900000000000011,0.0087642980010312,3.0,0.009041916706671885
262,-0.8500000000000112,0.0069684918605814,3.0,0.007172679513914218
263,-0.8000000000000114,0.0054786015052888,3.0,0.00561300632861729
264,-0.7500000000000115,0.0042443547512114,3.0,0.004367625378807652
265,-0.7000000000000117,0.0032247709841842,3.0,0.0034029928016337113
266,-0.6500000000000119,0.0023867035283734,3.0,0.002646555246582097
267,-0.6000000000000121,0.0017036102109434,3.0,0.0020213834796482116
268,-0.5500000000000123,0.0011545537512747,3.0,0.0014790394592344575
269,-0.5000000000000124,0.0007234258821558,3.0,0.0010079468015517096
270,-0.4500000000000126,0.0003983890395024,3.0,0.0006217721886375843
271,-0.4000000000000128,0.0001715357399844,3.0,0.0003426720993972149
272,-0.3500000000000129,3.877816570015137e-05,3.0,0.00018923094646251803
273,-0.3000000000000131,0.0,3.0,0.0001713250515195247
274,-0.2500000000000133,5.953178494635179e-05,3.0,0.0002902530341026971
275,-0.2000000000000135,0.0002270547189891,3.0,0.000541945371622235
276,-0.1500000000000136,0.0005191036727033,3.0,0.0009219395783447576
277,-0.1000000000000138,0.0009614403787449,3.0,0.0014318357676740417
278,-0.050000000000014,0.0015927197389728,3.0,0.002087705905577067
279,-1.4210854715202004e-14,0.0024700976190852,3.0,0.002931354705775227
280,0.0499999999999856,0.0036777427525705,3.0,0.004045371448978777
281,0.0999999999999854,0.0053395884939972,3.0,0.005572356845876439
282,0.1499999999999852,0.007637899432055,3.0,0.00773710356809533
283,0.199999999999985,0.010838677396262,3.0,0.010867220011453363
284,0.2499999999999849,0.0153218582701065,3.0,0.015402339111152366
285,0.2999999999999847,0.0216051761718744,3.0,0.021875832906155926
286,0.3499999999999845,0.0303318867881719,3.0,0.03085120250981084
287,0.3999999999999843,0.0421712890923255,3.0,0.0428099702681647
288,0.4499999999999842,0.0575962618911068,3.0,0.05803077708853606
289,0.499999999999984,0.0766085720378523,3.0,0.07654429347780899
290,0.5499999999999838,0.0986212128641151,3.0,0.0981728091820769
291,0.5999999999999837,0.1226514118326105,3.0,0.12240156904955236
292,0.6499999999999835,0.14769496162351,3.0,0.14797817203121522
293,0.6999999999999833,0.172997937310469,3.0,0.17323870816691878
294,0.7499999999999831,0.1980922394208279,3.0,0.19758473635024754
295,0.799999999999983,0.2226660395432786,3.0,0.2216500232272478
296,0.8499999999999828,0.246401733525311,3.0,0.24560924392606442
297,0.8999999999999826,0.2688745400830912,3.0,0.2685169987733008
298,0.9499999999999824,0.28954736383665,3.0,0.28914194598148324
299,0.9999999999999822,0.3078497165398544,3.0,0.30673072865158413
300,1.049999999999982,0.3232957000045093,3.0,0.3211399779809677
301,1.099999999999982,0.335586420275096,3.0,0.3326369422272649
302,1.1499999999999817,0.3446586077725879,3.0,0.3416704219222123
303,1.1999999999999815,0.3506717262828932,3.0,0.34871831738700915
304,1.2499999999999811,0.3539514491367933,3.0,0.3542117363322534
305,1.2999999999999812,0.3549168931778991,3.0,0.35850841747504125
306,1.349999999999981,0.3540141670092905,3.0,0.36189159898820206
307,1.3999999999999808,0.3516679665768337,3.0,0.36457949077074986
308,1.4499999999999806,0.3482532827313745,3.0,0.3667376049204417
309,1.4999999999999805,0.3440836847921784,3.0,0.36849046960566434
310,1.5499999999999805,0.3394108116973103,3.0,0.36993148589205166
311,1.59999999999998,0.3344301409402275,3.0,0.37113072913678186
312,1.64999999999998,0.3292894306608951,3.0,0.3721409155778291
313,1.6999999999999795,0.3240976012030688,3.0,0.3730018764183425
314,1.7499999999999796,0.3189328858890466,3.0,0.3737438758058383
315,1.7999999999999794,0.3138497765572944,3.0,0.3743900578548365
316,1.8499999999999792,0.3088846846730864,3.0,0.3749582479833765
317,1.899999999999979,0.3040604301229165,3.0,0.37546227979514146
318,1.9499999999999789,0.2993897401394773,3.0,0.37591297479412517
319,1.999999999999979,0.2948779481194696,3.0,0.37631886834376654
320,-1.9500000000000075,2.583191899055348e-05,4.0,0.0004234914121857142
321,-1.9000000000000077,1.331380934500142e-05,4.0,0.0002565359874800305
322,-1.850000000000008,4.632685555570842e-06,4.0,0.00011503351425749819
323,-1.8000000000000078,9.658733863542659e-08,4.0,-1.6401652857683802e-06
324,-1.750000000000008,0.0,4.0,-9.381817000160553e-05
325,-1.7000000000000082,4.619945413004479e-06,4.0,-0.00016164347512788446
326,-1.6500000000000083,1.4212520283399426e-05,4.0,-0.000205174172080283
327,-1.6000000000000083,2.9010182017538244e-05,4.0,-0.00022448996467390459
328,-1.5500000000000087,4.922024835080458e-05,4.0,-0.00021979638509868338
329,-1.5000000000000089,7.50253157110682e-05,4.0,-0.00019152308337062884
330,-1.450000000000009,0.0001065866209412,4.0,-0.00014041262500859297
331,-1.4000000000000092,0.000144051780416,4.0,-6.75963864768675e-05
332,-1.3500000000000094,0.0001875688568234,4.0,2.5345837680254557e-05
333,-1.3000000000000096,0.0002373093630778,4.0,0.00013634623758811137
334,-1.2500000000000098,0.0002935036856231,4.0,0.00026283403612219203
335,-1.20000000000001,0.0003564936231596,4.0,0.0004017515220307438
336,-1.15000000000001,0.0004268085101428,4.0,0.0005496101853224439
337,-1.1000000000000103,0.0005052740952751,4.0,0.0007026004430246563
338,-1.0500000000000105,0.0005931675971235,4.0,0.0008567754274256129
339,-1.0000000000000109,0.000692439240238,4.0,0.0010083408054453596
340,-0.9500000000000108,0.0008060320021653,4.0,0.0011541019601258168
341,-0.900000000000011,0.0009383507774529,4.0,0.0012921528529250964
342,-0.8500000000000112,0.0010959662687238,4.0,0.0014229473626366368
343,-0.8000000000000114,0.0012887003425038,4.0,0.0015509909640357006
344,-0.7500000000000115,0.0015313535156433,4.0,0.0016875584460625398
345,-0.7000000000000117,0.0018465530199126,4.0,0.0018551361660832794
346,-0.6500000000000119,0.0022696292095885,4.0,0.0020948037546460324
347,-0.6000000000000121,0.0028573003303147,4.0,0.002478691352414006
348,-0.5500000000000123,0.0037037662320013,4.0,0.003131306780295426
349,-0.5000000000000124,0.0049716815945579,4.0,0.004266522827928207
350,-0.4500000000000126,0.006953694652768,4.0,0.006252381650636171
351,-0.4000000000000128,0.0101969100506832,4.0,0.009725181232215704
352,-0.3500000000000129,0.0157516526529681,4.0,0.015789123355808996
353,-0.3000000000000131,0.0256341621948788,4.0,0.026356280137276353
354,-0.2500000000000133,0.0435321846510838,4.0,0.04468536659403459
355,-0.2000000000000135,0.0754186283655662,4.0,0.07609293336136606
356,-0.1500000000000136,0.1291266321940888,4.0,0.12843234336134096
357,-0.1000000000000138,0.2122634238151926,4.0,0.21095398060127352
358,-0.050000000000014,0.3289452192655328,4.0,0.3290318044365366
359,-1.4210854715202004e-14,0.4735178418653102,4.0,0.4746476003005657
360,0.0499999999999856,0.6225646012135043,4.0,0.6224834709414677
361,0.0999999999999854,0.744749719035932,4.0,0.7439253552923755
362,0.1499999999999852,0.8266181165102371,4.0,0.8265468143571104
363,0.199999999999985,0.8753146473928168,4.0,0.8757597651863712
364,0.2499999999999849,0.903071065568336,4.0,0.9032917436195014
365,0.2999999999999847,0.9188915314805362,4.0,0.9187667620533868
366,0.3499999999999845,0.9280917163779032,4.0,0.9278920578468798
367,0.3999999999999843,0.9336615400051632,4.0,0.9335888968956165
368,0.4499999999999842,0.9373068266567072,4.0,0.9373610526634674
369,0.499999999999984,0.9400211730046836,4.0,0.9401004696003689
370,0.5499999999999838,0.9423785738770046,4.0,0.9424015500964934
371,0.5999999999999837,0.944689645743633,4.0,0.9446431057736421
372,0.6499999999999835,0.9470954708109756,4.0,0.9470184334168086
373,0.6999999999999833,0.9496317956503753,4.0,0.9495778976573956
374,0.7499999999999831,0.9522759077793004,4.0,0.9522828918504759
375,0.799999999999983,0.9549800686223014,4.0,0.9550547494609161
376,0.8499999999999828,0.9576931129309286,4.0,0.9578089466702872
377,0.8999999999999826,0.9603721131711036,4.0,0.9604738299835732
378,0.9499999999999824,0.9629867138714618,4.0,0.9629976950024831
379,0.9999999999999822,0.9655189161875743,4.0,0.9653488574107711
380,1.049999999999982,0.9679606412025454,4.0,0.9675123910304517
381,1.099999999999982,0.9703106357748994,4.0,0.9694858656798815
382,1.1499999999999817,0.972571552257534,4.0,0.9712753155394784
383,1.1999999999999815,0.9747475236949256,4.0,0.9728919450651334
384,1.2499999999999811,0.9768422949233694,4.0,0.9743496748844924
385,1.2999999999999812,0.978857889142562,4.0,0.9756634398573215
386,1.349999999999981,0.9807937978121204,4.0,0.9768480855150365
387,1.3999999999999808,0.9826467047670272,4.0,0.9779177059334284
388,1.4499999999999806,0.9844107487112216,4.0,0.9788852892029951
389,1.4999999999999805,0.9860782778005583,4.0,0.9797625667393082
390,1.5499999999999805,0.9876409691288172,4.0,0.9805599908336238
391,1.59999999999998,0.9890911072624216,4.0,0.9812867878641491
392,1.64999999999998,0.9904227770186476,4.0,0.9819510520194772
393,1.6999999999999795,0.9916327500659068,4.0,0.9825598569270169
394,1.7499999999999796,0.99272092896757,4.0,0.9831193712631544
395,1.7999999999999794,0.9936903260754548,4.0,0.9836349702450277
396,1.8499999999999792,0.9945466578213966,4.0,0.9841113386929817
397,1.899999999999979,0.9952976967989275,4.0,0.9845525637409711
398,1.9499999999999789,0.9959525355597826,4.0,0.9849622167204898
399,1.999999999999979,0.9965208883163272,4.0,0.9853434245762916
400,-1.9500000000000075,0.9999831725693836,5.0,1.0001153328851173
401,-1.9000000000000077,0.999943165937776,5.0,0.9999789764215696
402,-1.850000000000008,0.999878693842207,5.0,0.9998445457575225
403,-1.8000000000000078,0.9997883038098586,5.0,0.9997087765738153
404,-1.750000000000008,0.999670337361615,5.0,0.999567745405765
405,-1.7000000000000082,0.9995228786184625,5.0,0.9994167727516359
406,-1.6500000000000083,0.9993436889239488,5.0,0.9992503675708544
407,-1.6000000000000083,0.999130124781718,5.0,0.9990622104372462
408,-1.5500000000000087,0.9988790359198922,5.0,0.998845165601949
409,-1.5000000000000089,0.9985866395449746,5.0,0.9985913062547092
410,-1.450000000000009,0.9982483657914528,5.0,0.9982919335400777
411,-1.4000000000000092,0.9978586680579544,5.0,0.9979375690502252
412,-1.3500000000000094,0.9974107905265353,5.0,0.997517902490894
413,-1.3000000000000096,0.9968964840015776,5.0,0.9970216801779621
414,-1.2500000000000098,0.9963056606810362,5.0,0.996436524669474
415,-1.20000000000001,0.9956259790042032,5.0,0.9957486797995916
416,-1.15000000000001,0.9948423516887,5.0,0.9949426776055599
417,-1.1000000000000103,0.9939363738412852,5.0,0.9940009236449945
418,-1.0500000000000105,0.9928856740731526,5.0,0.9929031951215297
419,-1.0000000000000109,0.9916632006098912,5.0,0.9916260426921479
420,-0.9500000000000108,0.9902364675080962,5.0,0.9901420827195841
421,-0.900000000000011,0.988566804272308,5.0,0.9884191630548582
422,-0.8500000000000112,0.9866086752203692,5.0,0.9864193831895232
423,-0.8000000000000114,0.9843091592055032,5.0,0.9840979498157645
424,-0.7500000000000115,0.9816076949345028,5.0,0.9814018525248529
425,-0.7000000000000117,0.9784361794125852,5.0,0.9782683525061153
426,-0.6500000000000119,0.9747194185196056,5.0,0.9746232897682323
427,-0.6000000000000121,0.9703757165000446,5.0,0.9703792284812323
428,-0.5500000000000123,0.96531700198422,5.0,0.9654334631271704
429,-0.5000000000000124,0.9594473027152968,5.0,0.9596658642721783
430,-0.4500000000000126,0.952657667256496,5.0,0.952936362025188
431,-0.4000000000000128,0.9448149928905586,5.0,0.9450813479514117
432,-0.3500000000000129,0.9357419870442496,5.0,0.9359070382892893
433,-0.3000000000000131,0.9251860288401362,5.0,0.9251753138643972
434,-0.2500000000000133,0.9127762931646228,5.0,0.9125734225827389
435,-0.2000000000000135,0.8979715155845646,5.0,0.8976549360126056
436,-0.1500000000000136,0.8800064102981997,5.0,0.8797434274304616
437,-0.1000000000000138,0.8578561391633703,5.0,0.8578203109590903
438,-0.050000000000014,0.8302598969156096,5.0,0.8304896131005073
439,-1.4210854715202004e-14,0.7958755007340428,5.0,0.7961882532999658
440,0.0499999999999856,0.7536510848754845,5.0,0.7537576605847613
441,0.0999999999999854,0.7034281042004187,5.0,0.7032104463654925
442,0.1499999999999852,0.6465649101583327,5.0,0.6462238331573618
443,0.199999999999985,0.586108842450367,5.0,0.5859697268060235
444,0.2499999999999849,0.5261391793182635,5.0,0.5263314613085068
445,0.2999999999999847,0.470530604899696,5.0,0.47090337635136137
446,0.3499999999999845,0.4219275973759005,5.0,0.42221323978188396
447,0.3999999999999843,0.3814801209748616,5.0,0.381470434132833
448,0.4499999999999842,0.3492132051171372,5.0,0.3488571145521574
449,0.499999999999984,0.324569715905984,5.0,0.32402696476066434
450,0.5499999999999838,0.3068019779859243,5.0,0.30640557511780886
451,0.5999999999999837,0.2951393803391008,5.0,0.29521069797904476
452,0.6499999999999835,0.2887972479586726,5.0,0.2894095811528651
453,0.6999999999999833,0.2869175367813451,5.0,0.28778916203430066
454,0.7499999999999831,0.2885120294054052,5.0,0.28912103875433093
455,0.799999999999983,0.2924524509910767,5.0,0.2923192041790933
456,0.8499999999999828,0.2975247522654917,5.0,0.2965274291970505
457,0.8999999999999826,0.3025350151256399,5.0,0.30113382328890814
458,0.9499999999999824,0.3064305316226908,5.0,0.30573948579875043
459,0.9999999999999822,0.3083950424380128,5.0,0.31010928411970706
460,1.049999999999982,0.3078938271829875,5.0,0.31412293734588737
461,1.099999999999982,0.3046687262097943,5.0,0.317734727905743
462,1.1499999999999817,0.2986994872199022,5.0,0.3209437976467543
463,1.1999999999999815,0.290150816795913,5.0,0.32377388890106684
464,1.2499999999999811,0.2793189152685019,5.0,0.32626037253895124
465,1.2999999999999812,0.2665840260834807,5.0,0.32844242315629874
466,1.349999999999981,0.2523705820291282,5.0,0.330358609215444
467,1.3999999999999808,0.2371144648950791,5.0,0.3320446369096596
468,1.4499999999999806,0.2212366679473892,5.0,0.3335323894955248
469,1.4999999999999805,0.2051230536312146,5.0,0.334849706105612
470,1.5499999999999805,0.1891101801770182,5.0,0.33602055411291054
471,1.59999999999998,0.1734770867386014,5.0,0.33706538780601636
472,1.64999999999998,0.1584425659774212,5.0,0.33800157425404165
473,1.6999999999999795,0.1441670285795219,5.0,0.3388438214635062
474,1.7499999999999796,0.1307577614876223,5.0,0.33960457629564855
475,1.7999999999999794,0.1182762889095212,5.0,0.34029437829964626
476,1.8499999999999792,0.1067466537416161,5.0,0.3409221659590079
477,1.899999999999979,0.0961636795032939,5.0,0.34149553722259196
478,1.9499999999999789,0.0865005670555866,5.0,0.3420209686879868
479,1.999999999999979,0.0777154596986307,5.0,0.3425039986901186
480,-1.9500000000000075,0.954929095394598,6.0,0.9537409429259667
481,-1.9000000000000077,0.9564194813219749,6.0,0.955822674644047
482,-1.850000000000008,0.9581631513363094,6.0,0.9580597682017746
483,-1.8000000000000078,0.9601925760092268,6.0,0.9604604145388811
484,-1.750000000000008,0.9625278788001004,6.0,0.9630313367007322
485,-1.7000000000000082,0.9651742194971348,6.0,0.9657765793019151
486,-1.6500000000000083,0.9681200916520072,6.0,0.9686959678660028
487,-1.6000000000000083,0.9713366197810877,6.0,0.9717832026770694
488,-1.5500000000000087,0.9747777382341344,6.0,0.9750235541666845
489,-1.5000000000000089,0.9783809439832324,6.0,0.9783911264215779
490,-1.450000000000009,0.9820681744832748,6.0,0.9818456483230495
491,-1.4000000000000092,0.9857462830119272,6.0,0.9853287328631866
492,-1.3500000000000094,0.9893065586643444,6.0,0.9887595077104308
493,-1.3000000000000096,0.992622740414186,6.0,0.9920294564587411
494,-1.2500000000000098,0.9955469701339688,6.0,0.9949962120712539
495,-1.20000000000001,0.9979030842562876,6.0,0.9974759042668191
496,-1.15000000000001,0.9994765304793908,6.0,0.9992334760329531
497,-1.1000000000000103,0.999999999999998,6.0,0.9999701532623932
498,-1.0500000000000105,0.999133598559275,6.0,0.9993069958355509
499,-1.0000000000000109,0.9964381125312912,6.0,0.9967632418424459
500,-0.9500000000000108,0.9913398715502796,6.0,0.9917281432837839
501,-0.900000000000011,0.9830863883575756,6.0,0.9834255661459372
502,-0.8500000000000112,0.9706945017073204,6.0,0.9708726176307416
503,-0.8000000000000114,0.9528992975894708,6.0,0.9528385700165474
504,-0.7500000000000115,0.9281258582085068,6.0,0.9278209920463292
505,-0.7000000000000117,0.8945294932272729,6.0,0.8940752083969163
506,-0.6500000000000119,0.8501790185911143,6.0,0.8497603438948398
507,-0.6000000000000121,0.7934668846106269,6.0,0.7932856392728211
508,-0.5500000000000123,0.7237653681188165,6.0,0.7239109567159245
509,-0.5000000000000124,0.6421628621895007,6.0,0.6425099815775484
510,-0.4500000000000126,0.5518815176280519,6.0,0.5521414621975216
511,-0.4000000000000128,0.4579546516795584,6.0,0.457902245105594
512,-0.3500000000000129,0.3661298634600259,6.0,0.3658139387434208
513,-0.3000000000000131,0.2815087425188915,6.0,0.28121252695312554
514,-0.2500000000000133,0.2075930214750933,6.0,0.20757155008017586
515,-0.2000000000000135,0.1460456872943722,6.0,0.14630984684793574
516,-0.1500000000000136,0.0970127134911749,6.0,0.09734691916004568
517,-0.1000000000000138,0.0596640298069597,6.0,0.059814321629989065
518,-0.050000000000014,0.032691240495502,6.0,0.032545236813421086
519,-1.4210854715202004e-14,0.0146535216741122,6.0,0.014296404930019935
520,0.0499999999999856,0.0041700324291841,6.0,0.0038125845091502852
521,0.0999999999999854,0.0,6.0,-0.00015404319398637512
522,0.1499999999999852,0.0010559409405559,6.0,0.0011906756957582587
523,0.199999999999985,0.0063853849070109,6.0,0.006740067937487437
524,0.2499999999999849,0.0151442464905691,6.0,0.015541700013551513
525,0.2999999999999847,0.0265746836732547,6.0,0.026821170571910913
526,0.3499999999999845,0.0399925269030374,6.0,0.0399638929379747
527,0.3999999999999843,0.0547840288147286,6.0,0.05446841469658653
528,0.4499999999999842,0.0704086519225175,6.0,0.06989722573706332
529,0.499999999999984,0.0864036826712942,6.0,0.08584574879259825
530,0.5499999999999838,0.1023871460406076,6.0,0.10193527991937276
531,0.5999999999999837,0.118057037290014,6.0,0.11782292547242235
532,0.6499999999999835,0.1331865077691741,6.0,0.1332170622392407
533,0.6999999999999833,0.1476158077395269,6.0,0.14788922139428373
534,0.7499999999999831,0.1612423226850405,6.0,0.16167825801366287
535,0.799999999999983,0.1740100430560319,6.0,0.17448686958266912
536,0.8499999999999828,0.1858995059739761,6.0,0.18627274988716125
537,0.8999999999999826,0.1969188537245434,6.0,0.19703715718014275
538,0.9499999999999824,0.2070963033898409,6.0,0.2068131832643993
539,0.9999999999999822,0.21647407019534,6.0,0.2156551903636978
540,1.049999999999982,0.2251036359756844,6.0,0.2236301231597263
541,1.099999999999982,0.2330421811205767,6.0,0.23081085655047584
542,1.1499999999999817,0.2403499764167856,6.0,0.23727141666677348
543,1.1999999999999815,0.2470885381184579,6.0,0.24308376402136272
544,1.2499999999999811,0.2533193702402108,6.0,0.24831579206976967
545,1.2999999999999812,0.2591031435032205,6.0,0.2530302207682058
546,1.349999999999981,0.2644991858656756,6.0,0.2572841176962786
547,1.3999999999999808,0.2695651830169806,6.0,0.26112883800919073
548,1.4499999999999806,0.274357007910092,6.0,0.26461022821277197
549,1.4999999999999805,0.2789286163511689,6.0,0.26776898327098614
550,1.5499999999999805,0.2833319611607782,6.0,0.27064108117612445
551,1.59999999999998,0.2876168908479988,6.0,0.2732582448448937
552,1.64999999999998,0.2918310104474058,6.0,0.27564839966338534
553,1.6999999999999795,0.2960194924224471,6.0,0.2778361078486967
554,1.7499999999999796,0.3002248344934349,6.0,0.27984296947836457
555,1.7999999999999794,0.3044865689564011,6.0,0.2816879857327159
556,1.8499999999999792,0.3088409344868508,6.0,0.283387883496082
557,1.899999999999979,0.313320526480388,6.0,0.2849574026316659
558,1.9499999999999789,0.3179539455606426,6.0,0.286409548456017
559,1.999999999999979,0.3227654658909019,6.0,0.2877558125255532
560,-1.9500000000000075,0.0007416866672793,7.0,0.0006527583543611271
561,-1.9000000000000077,0.0005547213277901,7.0,0.000403780227056838
562,-1.850000000000008,0.0003843050770492,7.0,0.00019830828249850496
563,-1.8000000000000078,0.0002360153593991,7.0,3.650189890008759e-05
564,-1.750000000000008,0.0001166400016608,7.0,-8.01114311195783e-05
565,-1.7000000000000082,3.451381990381788e-05,7.0,-0.00014828658383964077
566,-1.6500000000000083,0.0,7.0,-0.0001625415180926404
567,-1.6000000000000083,2.6191462792151004e-05,7.0,-0.00011438506940014692
568,-1.5500000000000087,0.0001299489529452,7.0,8.83658871247972e-06
569,-1.5000000000000089,0.0003334588857442,7.0,0.00022567439365367425
570,-1.450000000000009,0.0006666009974889,7.0,0.0005632030749779804
571,-1.4000000000000092,0.0011705897336041,7.0,0.0010610257902194387
572,-1.3500000000000094,0.0019036355150957,7.0,0.0017774108791474563
573,-1.3000000000000096,0.0029498232175056,7.0,0.0027987170194542776
574,-1.2500000000000098,0.0044330981243458,7.0,0.0042538345953974654
575,-1.20000000000001,0.0065392183344769,7.0,0.006336098361467257
576,-1.15000000000001,0.0095495878650822,7.0,0.00933581082130458
577,-1.1000000000000103,0.0138910867985993,7.0,0.013686415077166447
578,-1.0500000000000105,0.0202024642301373,7.0,0.020024344692995022
579,-1.0000000000000109,0.0294038008226603,7.0,0.029251555925711104
580,-0.9500000000000108,0.0427203439147299,7.0,0.042561161962798966
581,-0.900000000000011,0.0615530804587837,7.0,0.061331636590082395
582,-0.8500000000000112,0.0870505266870986,7.0,0.08673748444365631
583,-0.8000000000000114,0.1193512500158837,7.0,0.11898948097548129
584,-0.7500000000000115,0.1568388221231798,7.0,0.15649990823251086
585,-0.7000000000000117,0.1961012479945241,7.0,0.19577762002644244
586,-0.6500000000000119,0.232972228839869,7.0,0.23258046817158667
587,-0.6000000000000121,0.2640736827139013,7.0,0.2635863592357344
588,-0.5500000000000123,0.2877959672719684,7.0,0.28729113285907487
589,-0.5000000000000124,0.3042407689809935,7.0,0.30380234899998876
590,-0.4500000000000126,0.3144900006230146,7.0,0.31411936434401105
591,-0.4000000000000128,0.3198132639285002,7.0,0.3194587806729266
592,-0.3500000000000129,0.3211709539351514,7.0,0.32081119093841387
593,-0.3000000000000131,0.3190586524820608,7.0,0.31873157079238035
594,-0.2500000000000133,0.3135912133874263,7.0,0.3133481450540374
595,-0.2000000000000135,0.3047120787129722,7.0,0.30456134756045466
596,-0.1500000000000136,0.2924402243450142,7.0,0.2923435124619916
597,-0.1000000000000138,0.2770811695305232,7.0,0.276997499017189
598,-0.050000000000014,0.2593310414640857,7.0,0.25925378207035576
599,-1.4210854715202004e-14,0.2402245397271806,7.0,0.2401755737193103
600,0.0499999999999856,0.2209396090093513,7.0,0.2209370285435932
601,0.0999999999999854,0.2025466184657877,7.0,0.20258404859029322
602,0.1499999999999852,0.1858162938188755,7.0,0.18586911999010303
603,0.199999999999985,0.1711526793815782,7.0,0.1711971284014037
604,0.2499999999999849,0.1586397839805871,7.0,0.15866562603354348
605,0.2999999999999847,0.1481448457748732,7.0,0.14815543893574712
606,0.3499999999999845,0.1394235456561803,7.0,0.13942843800063306
607,0.3999999999999843,0.132198584206205,7.0,0.13220598112524767
608,0.4499999999999842,0.1262065892455376,7.0,0.12621950278991623
609,0.499999999999984,0.1212200516287234,7.0,0.1212362861095731
610,0.5499999999999838,0.1170534572572941,7.0,0.11706787543517755
611,0.5999999999999837,0.1135610521458745,7.0,0.11356844658675558
612,0.6499999999999835,0.1106310716014255,7.0,0.1106284946151187
613,0.6999999999999833,0.1081791355896771,7.0,0.10816711191140455
614,0.7499999999999831,0.1061421170178071,7.0,0.10612457146326101
615,0.799999999999983,0.104472987719153,7.0,0.10445596787999878
616,0.8499999999999828,0.103136733197406,7.0,0.10312614842100165
617,0.8999999999999826,0.1021072395067121,7.0,0.1021059121629343
618,0.9499999999999824,0.101364988921427,7.0,0.10136934096412124
619,0.9999999999999822,0.1008953938831914,7.0,0.10089207864958825
620,1.049999999999982,0.1006876175702424,7.0,0.10065036043115173
621,1.099999999999982,0.1007337569861672,7.0,0.10062059891950578
622,1.1499999999999817,0.1010282923034478,7.0,0.10077935031434962
623,1.1999999999999815,0.1015677306467851,7.0,0.10110351059567423
624,1.2499999999999811,0.1023503923276346,7.0,0.10157062280285452
625,1.2999999999999812,0.103376302717487,7.0,0.10215920872419126
626,1.349999999999981,0.1046471639979225,7.0,0.10284906807510649
627,1.3999999999999808,0.1061663886796277,7.0,0.10362151319466448
628,1.4499999999999806,0.1079391817939844,7.0,0.10445952637979766
629,1.4999999999999805,0.10997266171833,7.0,0.10534784022000462
630,1.5499999999999805,0.1122760112847735,7.0,0.10627294942578708
631,1.59999999999998,0.1148606516118465,7.0,0.10722306674637666
632,1.64999999999998,0.117740431343888,7.0,0.10818803679319736
633,1.6999999999999795,0.1209318239358668,7.0,0.10915922095088598
634,1.7499999999999796,0.1244541254411656,7.0,0.11012936488584227
635,1.7999999999999794,0.1283296450312346,7.0,0.11109245804629228
636,1.8499999999999792,0.1325838802261337,7.0,0.11204359237890404
637,1.899999999999979,0.1372456685322639,7.0,0.1129788254954176
638,1.9499999999999789,0.1423473068364401,7.0,0.11389505182208293
639,1.999999999999979,0.1479246294592689,7.0,0.11478988389078215
640,-1.9500000000000075,0.0292639600340295,8.0,0.03045067688083397
641,-1.9000000000000077,0.0316952501513218,8.0,0.03253427855716645
642,-1.850000000000008,0.034179281724814,8.0,0.03469555381093686
643,-1.8000000000000078,0.0367093463202501,8.0,0.03693503069982268
644,-1.750000000000008,0.0392787974000991,8.0,0.03925271400401059
645,-1.7000000000000082,0.0418810976042591,8.0,0.04164790714251848
646,-1.6500000000000083,0.0445098542585796,8.0,0.0441189874500883
647,-1.6000000000000083,0.0471588372851298,8.0,0.046663127801998494
648,-1.5500000000000087,0.0498219722843396,8.0,0.049275960616178394
649,-1.5000000000000089,0.0524933000492626,8.0,0.0519511867463866
650,-1.450000000000009,0.0551668922689994,8.0,0.05468014283997363
651,-1.4000000000000092,0.057836711887478,8.0,0.05745135681166186
652,-1.3500000000000094,0.0604964058505558,8.0,0.06025014103977039
653,-1.3000000000000096,0.0631390183438607,8.0,0.06305829308902183
654,-1.2500000000000098,0.0657566149135493,8.0,0.06585398774395873
655,-1.20000000000001,0.0683398132379746,8.0,0.06861194364692808
656,-1.15000000000001,0.0708772263506653,8.0,0.07130392575373329
657,-1.1000000000000103,0.0733548407719199,8.0,0.07389959951173836
658,-1.0500000000000105,0.0757553775030889,8.0,0.07636769186859166
659,-1.0000000000000109,0.078057720224562,8.0,0.07867735567432627
660,-0.9500000000000108,0.0802365433685879,8.0,0.08079960084837795
661,-0.900000000000011,0.0822623316640474,8.0,0.08270866726223675
662,-0.8500000000000112,0.0841020465165618,8.0,0.08438327709874399
663,-0.8000000000000114,0.085720750715717,8.0,0.08580780787409842
664,-0.7500000000000115,0.0870845305770554,8.0,0.08697354748155511
665,-0.7000000000000117,0.0881650252956184,8.0,0.08788030210558656
666,-0.6500000000000119,0.0889457570209458,8.0,0.08853870550895065
667,-0.6000000000000121,0.0894302338083231,8.0,0.08897361369546436
668,-0.5500000000000123,0.0896514845080327,8.0,0.08922896012475307
669,-0.5000000000000124,0.0896823421897837,8.0,0.08937439115265527
670,-0.4500000000000126,0.0896455302530236,8.0,0.08951388561293877
671,-0.4000000000000128,0.0897225387827336,8.0,0.08979635022494376
672,-0.3500000000000129,0.0901604502918531,8.0,0.09042780674489598
673,-0.3000000000000131,0.0912761730784229,8.0,0.09168415483614784
674,-0.2500000000000133,0.0934576999314782,8.0,0.09392252829360476
675,-0.2000000000000135,0.0971617334721303,8.0,0.09758799485616082
676,-0.1500000000000136,0.1029061972547083,8.0,0.10321106831292653
677,-0.1000000000000138,0.1112550261400042,8.0,0.11139084142974881
678,-0.050000000000014,0.1227917909280614,8.0,0.12275938180573226
679,-1.4210854715202004e-14,0.1380789488142211,8.0,0.13792605526683843
680,0.0499999999999856,0.1576016113246726,8.0,0.1574055950277003
681,0.0999999999999854,0.1816991915060082,8.0,0.1815398460769817
682,0.1499999999999852,0.210494776030814,8.0,0.2104280777294928
683,0.199999999999985,0.2438385306201873,8.0,0.2438822776414585
684,0.2499999999999849,0.2812840339415929,8.0,0.28142043912088177
685,0.2999999999999847,0.322111301926233,8.0,0.32230274909284323
686,0.3499999999999845,0.3653971007357578,8.0,0.36560502932515143
687,0.3999999999999843,0.4101172759359515,8.0,0.41031445017768636
688,0.4499999999999842,0.455255592684408,8.0,0.45542791723048126
689,0.499999999999984,0.4998942909378878,8.0,0.5000351317059947
690,0.5499999999999838,0.5432716116359241,8.0,0.5433748878457725
691,0.5999999999999837,0.5848043998427351,8.0,0.5848615485108559
692,0.6499999999999835,0.6240832960351579,8.0,0.6240856409754942
693,0.6999999999999833,0.6608515521513632,8.0,0.6607963653873239
694,0.7499999999999831,0.6949773281902718,8.0,0.6948744644837335
695,0.799999999999983,0.7264260206414414,8.0,0.7263024160800096
696,0.8499999999999828,0.7552358664364223,8.0,0.7551365647998334
697,0.8999999999999826,0.7814977611695864,8.0,0.7814835634014834
698,0.9499999999999824,0.8053390373105267,8.0,0.8054818200678286
699,0.9999999999999822,0.8269105505460369,8.0,0.8272876367016395
700,1.049999999999982,0.8463764385336668,8.0,0.8470652571221124
701,1.099999999999982,0.8639060679618356,8.0,0.8649799399658211
702,1.1499999999999817,0.8796678278456217,8.0,0.881193261593231
703,1.1999999999999815,0.8938245132089658,8.0,0.8958600189985617
704,1.2499999999999811,0.9065300795112112,8.0,0.9091262703700576
705,1.2999999999999812,0.9179275568850314,8.0,0.9211281886928666
706,1.349999999999981,0.9281479148128576,8.0,0.9319915034579966
707,1.3999999999999808,0.937309674169834,8.0,0.9418313718082765
708,1.4499999999999806,0.9455190785729836,8.0,0.9507525625237554
709,1.4999999999999805,0.9528706596613788,8.0,0.9588498631048266
710,1.5499999999999805,0.9594480580996,8.0,0.9662086385755277
711,1.59999999999998,0.965324990321801,8.0,0.9729054846597436
712,1.64999999999998,0.9705662776181724,8.0,0.9790089297934337
713,1.6999999999999795,0.97522887742128,8.0,0.9845801508406049
714,1.7499999999999796,0.9793628758108014,8.0,0.98967367653694
715,1.7999999999999794,0.9830124152428908,8.0,0.994338060523094
716,1.8499999999999792,0.9862165426811548,8.0,0.9986165122816044
717,1.899999999999979,0.9890099712418428,8.0,1.0025474793755376
718,1.9499999999999789,0.9914237538237576,8.0,1.0061651782131793
719,1.999999999999979,0.9934858706111396,8.0,1.0095000733028352
720,-1.9500000000000075,0.0093031279331391,9.0,0.009035280900469567
721,-1.9000000000000077,0.0103697360545912,9.0,0.010256787159104386
722,-1.850000000000008,0.0115378233383549,9.0,0.011541979278079761
723,-1.8000000000000078,0.0128169516274345,9.0,0.012901844387718797
724,-1.750000000000008,0.0142177613139863,9.0,0.014349572760280482
725,-1.7000000000000082,0.0157521286178175,9.0,0.015900722243866294
726,-1.6500000000000083,0.0174333503280653,9.0,0.017573334625128667
727,-1.6000000000000083,0.0192763599887014,9.0,0.019387995171119554
728,-1.5500000000000087,0.0212979798072449,9.0,0.02136783378376561
729,-1.5000000000000089,0.0235172128456919,9.0,0.02353847635831474
730,-1.450000000000009,0.0259555802784755,9.0,0.025927967226115123
731,-1.4000000000000092,0.0286375086078701,9.0,0.02856669639160392
732,-1.3500000000000094,0.0315907715993039,9.0,0.031487376446361126
733,-1.3000000000000096,0.0348469911586046,9.0,0.03472512110447579
734,-1.2500000000000098,0.0384422001540382,9.0,0.03831767805193753
735,-1.20000000000001,0.0424174679113019,9.0,0.0423058618556722
736,-1.15000000000001,0.0468195852703149,9.0,0.04673421791897947
737,-1.1000000000000103,0.0517018000338545,9.0,0.05165192717345646
738,-1.0500000000000105,0.0571245845660834,9.0,0.05711393564548917
739,-1.0000000000000109,0.0631564043293749,9.0,0.06318226557707929
740,-0.9500000000000108,0.0698744384269053,9.0,0.06992743650911037
741,-0.900000000000011,0.0773651801636503,9.0,0.07742989422614532
742,-0.8500000000000112,0.0857248173492985,9.0,0.08578130819082597
743,-0.8000000000000114,0.0950592599464364,9.0,0.09508554716593998
744,-0.7500000000000115,0.1054836502321884,9.0,0.10545907150249456
745,-0.7000000000000117,0.1171211643470469,9.0,0.11703038788758602
746,-0.6500000000000119,0.1301009037598721,9.0,0.1299381108986486
747,-0.6000000000000121,0.1445546931722293,9.0,0.1443271037056768
748,-0.5500000000000123,0.1606126597162535,9.0,0.16034220308167935
749,-0.5000000000000124,0.1783975726635863,9.0,0.17811928495501317
750,-0.4500000000000126,0.1980180644168995,9.0,0.19777401463413624
751,-0.4000000000000128,0.2195610017429907,9.0,0.21938957730784436
752,-0.3500000000000129,0.2430833794382964,9.0,0.24300576774782112
753,-0.3000000000000131,0.2686041110689472,9.0,0.26861239434856937
754,-0.2500000000000133,0.2960959695166842,9.0,0.29614908168524334
755,-0.2000000000000135,0.3254777385420432,9.0,0.32551063309991346
756,-0.1500000000000136,0.3566065348354685,9.0,0.356552935563842
757,-0.1000000000000138,0.3892704768553946,9.0,0.3890917129142587
758,-0.050000000000014,0.4231825854432932,9.0,0.4228887024406386
759,-1.4210854715202004e-14,0.4579779299068819,9.0,0.45762797489357565
760,0.0499999999999856,0.4932171175397751,9.0,0.4928950512132074
761,0.0999999999999854,0.5283994681748204,9.0,0.5281757655871445
762,0.1499999999999852,0.5629878725249112,9.0,0.5628856227095783
763,0.199999999999985,0.5964443013911647,9.0,0.5964263755849026
764,0.2499999999999849,0.6282711525418944,9.0,0.6282534975190812
765,0.2999999999999847,0.6580508156115463,9.0,0.657934030422773
766,0.3499999999999845,0.6854755450804058,9.0,0.6851801397948765
767,0.3999999999999843,0.710362282760882,9.0,0.7098544967777914
768,0.4499999999999842,0.7326513089216953,9.0,0.7319529312809323
769,0.499999999999984,0.7523916411579195,9.0,0.7515741930627584
770,0.5499999999999838,0.7697184696114349,9.0,0.7688863296994031
771,0.5999999999999837,0.7848282181838643,9.0,0.7840962806272208
772,0.6499999999999835,0.7979556011246097,9.0,0.7974259304379341
773,0.6999999999999833,0.8093552116443983,9.0,0.8090952805883116
774,0.7499999999999831,0.8192884785530865,9.0,0.8193119049360268
775,0.799999999999983,0.8280156235803956,9.0,0.828265260998946
776,0.8499999999999828,0.835791579681232,9.0,0.8361243962723842
777,0.8999999999999826,0.8428645396388837,9.0,0.8430378232872693
778,0.9499999999999824,0.8494756940848958,9.0,0.8491346477501993
779,0.9999999999999822,0.8558586252465286,9.0,0.8545263227002498
780,1.049999999999982,0.8622366901391338,9.0,0.8593086306781808
781,1.099999999999982,0.868816674221123,9.0,0.8635636607368691
782,1.1499999999999817,0.8757773567715903,9.0,0.867361657177388
783,1.1999999999999815,0.8832528467215915,9.0,0.8707626855427296
784,1.2499999999999811,0.8913128410892704,9.0,0.8738181012101724
785,1.2999999999999812,0.8999448364532885,9.0,0.8765718269740388
786,1.349999999999981,0.9090453538392193,9.0,0.8790614556574206
787,1.3999999999999808,0.9184265833559386,9.0,0.8813191970205909
788,1.4499999999999806,0.9278406341202534,9.0,0.8833726881980698
789,1.4999999999999805,0.9370171053414718,9.0,0.8852456854415759
790,1.5499999999999805,0.9457042446698976,9.0,0.8869586530539932
791,1.59999999999998,0.9537026584181691,9.0,0.8885292635249034
792,1.64999999999998,0.960884029669256,9.0,0.8899728211853111
793,1.6999999999999795,0.9671933232102682,9.0,0.891302620212336
794,1.7499999999999796,0.972638201253704,9.0,0.8925302465055707
795,1.7999999999999794,0.9772717761027172,9.0,0.893665831788393
796,1.8499999999999792,0.9811743891527426,9.0,0.8947182672310066
797,1.899999999999979,0.9844381233753094,9.0,0.8956953829304861
798,1.9499999999999789,0.987155598998732,9.0,0.8966040987090012
799,1.999999999999979,0.9894130412972394,9.0,0.897450550902186
