,x,y,z,rep,noise,z_noise,zmodel
0,-1.0,0.0,-3.05,1,0.2990106839959981,-2.7509893160040018,-2.6905018418235103
1,-0.975,0.0,-2.86222828125,1,0.1562078861812564,-2.706020395068744,-2.567179784165487
2,-0.95,0.0,-2.68420125,1,0.3593595728841045,-2.3248416771158955,-2.4455859169862717
3,-0.925,0.0,-2.51560109375,1,0.0208473384032762,-2.494753755346724,-2.3262004143125443
4,-0.8999999999999999,0.0,-2.35611,1,-0.0211999719602525,-2.377309971960252,-2.2094625143948496
5,-0.8749999999999999,0.0,-2.20541015625,1,-0.1378879364133249,-2.343298092663325,-2.095762910694684
6,-0.8499999999999999,0.0,-2.063183749999999,1,-0.1920632491370568,-2.255246999137056,-1.9854380517787997
7,-0.8249999999999998,0.0,-1.9291129687499995,1,0.2088077581091244,-1.7203052106408752,-1.8787664574173928
8,-0.7999999999999998,0.0,-1.80288,1,0.3948312633077265,-1.4080487366922732,-1.7759670279540893
9,-0.7749999999999998,0.0,-1.6841670312499988,1,-0.0962374742605315,-1.7804045055105302,-1.677199210309735
10,-0.7499999999999998,0.0,-1.5726562499999988,1,0.0744749494598427,-1.498181300540156,-1.5825647950912451
11,-0.7249999999999998,0.0,-1.4680298437499988,1,-0.2558122393865906,-1.7238420831365897,-1.4921110594034752
12,-0.6999999999999997,0.0,-1.3699699999999988,1,-0.1322819924886901,-1.502251992488689,-1.4058349394278769
13,-0.6749999999999997,0.0,-1.278158906249999,1,0.2266755562075754,-1.0514833500424234,-1.3236879128306827
14,-0.6499999999999997,0.0,-1.192278749999999,1,0.2783547808763316,-0.9139239691236674,-1.2455812886972009
15,-0.6249999999999997,0.0,-1.112011718749999,1,-0.0506012200789661,-1.162612938828965,-1.1713916360427543
16,-0.5999999999999996,0.0,-1.0370399999999989,1,-0.1803144669702135,-1.2173544669702123,-1.100966125025665
17,-0.5749999999999996,0.0,-0.9670457812499992,1,0.1274981072240563,-0.8395476740259429,-1.034127602385939
18,-0.5499999999999996,0.0,-0.901711249999999,1,-0.3547084813477483,-1.2564197313477474,-0.9706792699713682
19,-0.5249999999999996,0.0,-0.840718593749999,1,0.3591767397696501,-0.4815418539803489,-0.9104088792862454
20,-0.4999999999999995,0.0,-0.7837499999999991,1,-0.0389016307009265,-0.8226516307009255,-0.853092393757
21,-0.4749999999999995,0.0,-0.730487656249999,1,0.0785978379694615,-0.6518898182805375,-0.7984971028116624
22,-0.4499999999999995,0.0,-0.680613749999999,1,-0.1628926478781482,-0.8435063978781473,-0.7463841976712033
23,-0.4249999999999995,0.0,-0.633810468749999,1,-0.125791792052128,-0.7596022608021271,-0.6965108382792415
24,-0.3999999999999994,0.0,-0.5897599999999991,1,0.1282450206457451,-0.4615149793542539,-0.6486317547460163
25,-0.3749999999999994,0.0,-0.5481445312499991,1,0.0596236944046565,-0.4885208368453425,-0.6025004359392954
26,-0.3499999999999994,0.0,-0.5086462499999991,1,0.0313331427735948,-0.4773131072264042,-0.5578699633634909
27,-0.3249999999999994,0.0,-0.4709473437499991,1,0.2668906960108407,-0.2040566477391583,-0.5144935511390042
28,-0.2999999999999994,0.0,-0.4347299999999991,1,0.1489023066226709,-0.2858276933773281,-0.4721248535409282
29,-0.2749999999999993,0.0,-0.3996764062499991,1,-0.0729890922072111,-0.4726654984572102,-0.43051810086550446
30,-0.2499999999999993,0.0,-0.3654687499999991,1,-0.0924099656634391,-0.4578787156634382,-0.3894281229059087
31,-0.2249999999999993,0.0,-0.3317892187499991,1,-0.1482545313225471,-0.4800437500725463,-0.3486103174322185
32,-0.1999999999999993,0.0,-0.2983199999999991,1,-0.0405701853597398,-0.3388901853597389,-0.3078206190397121
33,-0.1749999999999992,0.0,-0.264743281249999,1,0.3006774939146294,0.0359342126646304,-0.26681552167962125
34,-0.1499999999999992,0.0,-0.2307412499999989,1,-0.3763761213439175,-0.6071173713439164,-0.22535220612113882
35,-0.1249999999999992,0.0,-0.1959960937499989,1,0.0690198589384574,-0.1269762348115415,-0.18318882140653514
36,-0.0999999999999992,0.0,-0.1601899999999988,1,-0.2419157582898234,-0.4021057582898222,-0.14008496684693986
37,-0.0749999999999991,0.0,-0.1230051562499987,1,-0.3071779486473873,-0.430183104897386,-0.0958024179709715
38,-0.0499999999999991,0.0,-0.0841237499999986,1,0.2815706321641291,0.1974468821641304,-0.050106135714624946
39,-0.0249999999999991,0.0,-0.0432279687499985,1,-0.1638669891947671,-0.2070949579447656,-0.0027655926067914993
40,8.881784197001252e-16,0.0,1.5809575870662245e-15,1,-0.1335708867873278,-0.1335708867873262,0.04644355768949504
41,0.0250000000000008,0.0,0.0458779687500015,1,0.0654426920525001,0.1113206608025016,0.09773745081565009
42,0.0500000000000009,0.0,0.0947237500000018,1,0.0306404729851425,0.1253642229851444,0.15132161785245335
43,0.075000000000001,0.0,0.1468551562500022,1,-0.149108285696084,-0.0022531294460818,0.20738823819830726
44,0.1000000000000009,0.0,0.2025900000000022,1,-0.0303746413971284,0.1722153586028737,0.26611306858928924
45,0.1250000000000009,0.0,0.2622460937500022,1,-0.1980953085564523,0.0641507851935498,0.3276520988287337
46,0.150000000000001,0.0,0.3261412500000027,1,0.0451233796441341,0.3712646296441369,0.392138008222966
47,0.1750000000000011,0.0,0.3945932812500032,1,0.1456752548039147,0.5402685360539179,0.4596765214280509
48,0.200000000000001,0.0,0.4679200000000033,1,0.1891128675755627,0.6570328675755661,0.5303427869594608
49,0.2250000000000009,0.0,0.5464392187500031,1,0.1778390246512077,0.7242782434012108,0.6041779241133599
50,0.2500000000000011,0.0,0.6304687500000039,1,-0.0376720242993628,0.5927967257006411,0.6811859022343498
51,0.2750000000000012,0.0,0.7203264062500045,1,-0.1064362050776824,0.6138902011723221,0.7613309276660613
52,0.3000000000000011,0.0,0.8163300000000046,1,0.2013303513944859,1.0176603513944906,0.8445355158895589
53,0.325000000000001,0.0,0.9187973437500044,1,0.176741548136073,1.0955388918860776,0.9306794171766104
54,0.3500000000000012,0.0,1.0280462500000054,1,-0.0018722824132129,1.0261739675867925,1.0195995421297752
55,0.3750000000000013,0.0,1.1443945312500063,1,-0.1270557587128762,1.01733877253713,1.1110909983397306
56,0.4000000000000012,0.0,1.2681600000000064,1,-0.1426781089188462,1.12548189108116,1.2049093019453687
57,0.4250000000000011,0.0,1.3996604687500065,1,-0.031537077258896,1.3681233914911104,1.3007737704485045
58,0.4500000000000013,0.0,1.5392137500000076,1,-0.1630551587209604,1.376158591279047,1.398372039416982
59,0.4750000000000014,0.0,1.6871376562500089,1,0.13469610645794,1.821833762707949,1.4973655805492165
60,0.5000000000000013,0.0,1.8437500000000084,1,-0.4045821450170801,1.4391678549829283,1.597396037494158
61,0.5250000000000012,0.0,2.0093685937500085,1,-0.1831646107557334,1.826203982994275,1.6980921444161674
62,0.5500000000000014,0.0,2.1843112500000097,1,-0.016788055300825,2.1675231946991844,1.7990769555343018
63,0.5750000000000015,0.0,2.3688957812500115,1,-0.0413949291227613,2.32750085212725,1.8999750954330987
64,0.6000000000000014,0.0,2.5634400000000115,1,-0.0395053460523022,2.523934653947709,2.0004197417091705
65,0.6250000000000013,0.0,2.768261718750012,1,-0.0730790821047161,2.695182636645296,2.1000590732588607
66,0.6500000000000015,0.0,2.983678750000013,1,-0.0920212885208595,2.891657461479153,2.1985619569133927
67,0.6750000000000016,0.0,3.210008906250015,1,0.1378543907624971,3.347863297012512,2.2956226981021826
68,0.7000000000000015,0.0,3.4475700000000145,1,-0.0100410587156627,3.437528941284352,2.3909647424784803
69,0.7250000000000014,0.0,3.6966798437500143,1,-0.0406365357091463,3.656043308040868,2.484343279192564
70,0.7500000000000016,0.0,3.957656250000016,1,-0.1085631512031762,3.84909309879684,2.5755467572201147
71,0.7750000000000017,0.0,4.230817031250019,1,-0.1540477269004653,4.076769304349553,2.6643973792179274
72,0.8000000000000016,0.0,4.516480000000019,1,-0.0313440071360561,4.485135992863963,2.7507506794973744
73,0.8250000000000015,0.0,4.814962968750018,1,-0.2012352078955225,4.613727760854496,2.834494322127951
74,0.8500000000000016,0.0,5.126583750000021,1,0.1083300454995478,5.234913795499569,2.9155462716529685
75,0.8750000000000018,0.0,5.451660156250024,1,-0.0044466206304903,5.447213535619533,2.993852493418425
76,0.9000000000000017,0.0,5.790510000000023,1,-0.1397538319737575,5.650756168026266,3.0693843349861045
77,0.9250000000000016,0.0,6.143451093750024,1,0.0896796184928925,6.233130712242917,3.142135726929696
78,0.9500000000000016,0.0,6.510801250000026,1,0.3466305366075984,6.857431786607624,3.2121203230417477
79,0.975000000000002,0.0,6.892878281250029,1,0.0984063161532653,6.991284597403294,3.27936867899595
80,-1.0,0.0,-0.2953512865871591,5,-0.1599096183103407,-0.4552609048974999,-0.49031255579505884
81,-0.975,0.0,-0.2933332798872255,5,-0.1721645927023495,-0.4654978725895751,-0.47332575006897043
82,-0.95,0.0,-0.2934494579716514,5,-0.1880861944431872,-0.4815356524148386,-0.4588137789779845
83,-0.925,0.0,-0.295626374602891,5,0.0860156407803512,-0.2096107338225397,-0.44686110805763185
84,-0.8999999999999999,0.0,-0.2997758725209265,5,-0.2590733938651101,-0.5588492663860367,-0.4375280607912099
85,-0.8749999999999999,0.0,-0.305797044089367,5,-0.289539354411761,-0.595336398501128,-0.43084965375537954
86,-0.8499999999999999,0.0,-0.3135781433059793,5,-0.2516370685155165,-0.5652152118214958,-0.42683480621852565
87,-0.8249999999999998,0.0,-0.3229984298570419,5,-0.1439115020547526,-0.4669099319117946,-0.42546591405778844
88,-0.7999999999999998,0.0,-0.3339299292112799,5,-0.1123028342734374,-0.4462327634847173,-0.42669877252461585
89,-0.7749999999999998,0.0,-0.3462390958946454,5,0.0823221197194755,-0.2639169761751698,-0.4304628308092346
90,-0.7499999999999998,0.0,-0.359788370033045,5,-0.0946960103143236,-0.4544843803473686,-0.43666176322957573
91,-0.7249999999999998,0.0,-0.3744376199752435,5,-0.0650312265202537,-0.4394688464954972,-0.4451743464692096
92,-0.6999999999999997,0.0,-0.3900454662984666,5,0.3396726616273076,-0.050372804671159,-0.45585563851131033
93,-0.6749999999999997,0.0,-0.4064704847466771,5,-0.4524313849037014,-0.8589018696503785,-0.46853846138988053
94,-0.6499999999999997,0.0,-0.4235722876535462,5,-0.5311873714387316,-0.9547596590922778,-0.4830351950979352
95,-0.6249999999999997,0.0,-0.4412124851607318,5,-0.0129489849426683,-0.4541614701034001,-0.49913989247609114
96,-0.5999999999999996,0.0,-0.4592555290630684,5,-0.0534572054680149,-0.5127127345310833,-0.5166307233890962
97,-0.5749999999999996,0.0,-0.4775694434046592,5,0.3361086743834163,-0.1414607690212428,-0.5352727501189202
98,-0.5499999999999996,0.0,-0.4960264470251146,5,0.0868042910568105,-0.4092221559683041,-0.5548210243677932
99,-0.5249999999999996,0.0,-0.5145034741266933,5,-0.0295277924197612,-0.5440312665464546,-0.5750239799702358
100,-0.4999999999999995,0.0,-0.5328825996155947,5,0.1525392467526103,-0.3803433528629844,-0.5956270754901669
101,-0.4749999999999995,0.0,-0.551051376479718,5,0.1685179778337241,-0.3825333986459939,-0.6163766191332013
102,-0.4499999999999995,0.0,-0.5689030928168703,5,0.1516467412837552,-0.4172563515331151,-0.6370236871463207
103,-0.4249999999999995,0.0,-0.5863369563377729,5,-0.0822939884448229,-0.6686309447825959,-0.6573280286521607
104,-0.3999999999999994,0.0,-0.603258214253126,5,-0.2380014063455286,-0.8412596205986547,-0.6770618371127373
105,-0.3749999999999994,0.0,-0.6195782164287945,5,-0.2051325206991842,-0.8247107371279787,-0.6960132633168523
106,-0.3499999999999994,0.0,-0.6352144295725071,5,-0.0800406848233103,-0.7152551143958173,-0.7139895481491032
107,-0.3249999999999994,0.0,-0.65009041001304,5,-0.2531719998116679,-0.903262409824708,-0.730819665672548
108,-0.2999999999999994,0.0,-0.6641357423614694,5,0.1245367507641777,-0.5395989915972916,-0.7463563874682768
109,-0.2749999999999993,0.0,-0.6772859510153278,5,-0.4659060927694227,-1.1431920437847505,-0.7604777060355463
110,-0.2499999999999993,0.0,-0.6894823910909448,5,0.0505929414321643,-0.6388894496587805,-0.773087586003044
111,-0.2249999999999993,0.0,-0.7006721249561976,5,0.0136144414719933,-0.6870576834842042,-0.7841160442260633
112,-0.1999999999999993,0.0,-0.710807790093556,5,-0.2676309145435406,-0.9784387046370966,-0.7935185908442479
113,-0.1749999999999992,0.0,-0.719847463558694,5,-0.0591613304100301,-0.7790087939687241,-0.8012750906760869
114,-0.1499999999999992,0.0,-0.7277545278190185,5,-0.0193429277249631,-0.7470974555439817,-0.8073881261221885
115,-0.1249999999999992,0.0,-0.7344975422641296,5,-0.2605274589049948,-0.9950250011691244,-0.8118809579322986
116,-0.0999999999999992,0.0,-0.7400501241804183,5,0.2665328356381651,-0.4735172885422531,-0.8147951883780928
117,-0.0749999999999991,0.0,-0.7443908424777698,5,-0.4956022350939535,-1.2399930775717234,-0.8161882328387463
118,-0.0499999999999991,0.0,-0.747503126949924,5,0.2510427991321755,-0.4964603278177485,-0.8161307013458096
119,-0.0249999999999991,0.0,-0.7493751953430051,5,-0.0335120530973691,-0.7828872484403743,-0.8147037824004426
120,8.881784197001252e-16,0.0,-0.75,5,0.0620989531908464,-0.6879010468091535,-0.8119967087046153
121,0.0250000000000008,0.0,-0.749375195343005,5,0.3491485002881589,-0.400226695054846,-0.8081043697000242
122,0.0500000000000009,0.0,-0.7475031269499238,5,0.0120252243574866,-0.7354779025924372,-0.8031251202474243
123,0.075000000000001,0.0,-0.7443908424777694,5,0.1739551347892223,-0.5704357076885471,-0.7971588194820632
124,0.1000000000000009,0.0,-0.7400501241804179,5,-0.0926745293555549,-0.8327246535359729,-0.7903051196902369
125,0.1250000000000009,0.0,-0.7344975422641291,5,-0.1931054455156733,-0.9276029877798024,-0.7826620125585182
126,0.150000000000001,0.0,-0.727754527819018,5,0.1133187504772202,-0.6144357773417977,-0.7743246297014961
127,0.1750000000000011,0.0,-0.7198474635586933,5,0.0519788971573794,-0.6678685664013139,-0.7653842861152016
128,0.200000000000001,0.0,-0.7108077900935553,5,0.150368037820603,-0.5604397522729523,-0.7559277490999275
129,0.2250000000000009,0.0,-0.7006721249561969,5,-0.0201029181021377,-0.7207750430583346,-0.7460367110892315
130,0.2500000000000011,0.0,-0.689482391090944,5,-0.1494708308472067,-0.8389532219381507,-0.7357874424691674
131,0.2750000000000012,0.0,-0.677285951015327,5,-0.2563634096001079,-0.9336493606154348,-0.7252505995855357
132,0.3000000000000011,0.0,-0.6641357423614684,5,-0.0687322679748475,-0.732868010336316,-0.7144911634156734
133,0.325000000000001,0.0,-0.6500904100130391,5,-0.3854772070079904,-1.0355676170210295,-0.7035684855336108
134,0.3500000000000012,0.0,-0.635214429572506,5,0.3136326134973651,-0.3215818160751408,-0.6925364197583493
135,0.3750000000000013,0.0,-0.6195782164287933,5,-0.0441480028175894,-0.6637262192463828,-0.6814435200156663
136,0.4000000000000012,0.0,-0.6032582142531248,5,0.1743462433896743,-0.4289119708634504,-0.6703332872759837
137,0.4250000000000011,0.0,-0.5863369563377718,5,-0.1146998729824873,-0.7010368293202592,-0.6592444508064207
138,0.4500000000000013,0.0,-0.568903092816869,5,-0.3860067384826062,-0.9549098312994752,-0.648211271284347
139,0.4750000000000014,0.0,-0.5510513764797167,5,0.0531472553052681,-0.4979041211744486,-0.6372638554857161
140,0.5000000000000013,0.0,-0.5328825996155935,5,0.1470776575117325,-0.3858049421038609,-0.6264284742355771
141,0.5250000000000012,0.0,-0.5145034741266921,5,-0.0733169278188078,-0.5878204019454999,-0.6157278770642381
142,0.5500000000000014,0.0,-0.4960264470251133,5,0.2195025029208119,-0.2765239441043013,-0.6051815985415481
143,0.5750000000000015,0.0,-0.4775694434046578,5,-0.2988210926732517,-0.7763905360779095,-0.5948062525675397
144,0.6000000000000014,0.0,-0.4592555290630671,5,0.2803953070680583,-0.1788602219950087,-0.5846158119922367
145,0.6250000000000013,0.0,-0.4412124851607306,5,-0.1236615274298676,-0.5648740125905982,-0.57462187183886
146,0.6500000000000015,0.0,-0.4235722876535449,5,-0.1250950492777258,-0.5486673369312708,-0.564833895133345
147,0.6750000000000016,0.0,-0.4064704847466757,5,0.1146045936415145,-0.2918658911051611,-0.555259440920857
148,0.7000000000000015,0.0,-0.3900454662984654,5,0.0338804171846489,-0.3561650491138165,-0.5459043744982706
149,0.7250000000000014,0.0,-0.3744376199752425,5,0.0259502142966516,-0.3484874056785909,-0.536773060230585
150,0.7500000000000016,0.0,-0.359788370033044,5,0.4081121971705049,0.0483238271374609,-0.5278685375675731
151,0.7750000000000017,0.0,-0.3462390958946444,5,0.1059940898828688,-0.2402450060117756,-0.5191926810510723
152,0.8000000000000016,0.0,-0.333929929211279,5,0.0229275848540582,-0.3110023443572207,-0.510746345217793
153,0.8250000000000015,0.0,-0.3229984298570412,5,-0.1423040803511331,-0.4653025102081743,-0.5025294953696349
154,0.8500000000000016,0.0,-0.3135781433059788,5,0.4281630580249932,0.1145849147190145,-0.49454132521382593
155,0.8750000000000018,0.0,-0.3057970440893664,5,0.1749382379384189,-0.1308588061509475,-0.4867803623774174
156,0.9000000000000017,0.0,-0.2997758725209261,5,-0.2667640479128915,-0.5665399204338176,-0.4792445627819857
157,0.9250000000000016,0.0,-0.2956263746028907,5,0.4090365741936372,0.1134101995907465,-0.4719313948305627
158,0.9500000000000016,0.0,-0.2934494579716514,5,-0.0279780554678108,-0.3214275134394622,-0.4648379143145568
159,0.975000000000002,0.0,-0.2933332798872256,5,-0.0941479145507388,-0.3874811944379644,-0.4579608308974
160,0.0,0.0,0.5988365010887039,7,0.1139032249260237,0.7127397260147277,0.5606435728539669
161,0.025,0.0,0.6170167318863757,7,-0.1029679149335845,0.5140488169527911,0.5909509426394876
162,0.05,0.0,0.6358490510778679,7,0.0909639754938178,0.7268130265716858,0.6226844882513571
163,0.075,0.0,0.6553398431204762,7,-0.037594451948948,0.6177453911715282,0.6556911479444979
164,0.1,0.0,0.6754922453212246,7,-0.1151712653001556,0.560320980021069,0.6898125091518074
165,0.125,0.0,0.696306247947984,7,-0.0802143732263532,0.6160918747216308,0.7248878161950383
166,0.15,0.0,0.7177788156814725,7,0.1914624160779985,0.909241231759471,0.7607566875067558
167,0.175,0.0,0.7399040289432031,7,-0.1228902675937106,0.6170137613494924,0.7972615055646456
168,0.2,0.0,0.7626732432085555,7,-0.0232023715786146,0.7394708716299409,0.8342494589927582
169,0.225,0.0,0.786075264060714,7,0.4520157919159171,1.2380910559766312,0.8715742309906427
170,0.25,0.0,0.8100965354677512,7,-0.0976982124946153,0.7123983229731359,0.9090973409006732
171,0.275,0.0,0.8347213385756187,7,0.3618192575220899,1.196540596097709,0.946689156018868
172,0.3,0.0,0.8599319982047708,7,0.1962453556596809,1.056177353864452,0.9842295985944425
173,0.325,0.0,0.8857090942147661,7,0.4160557239599233,1.3017648181746893,1.02160857841334
174,0.35,0.0,0.9120316749537716,7,-0.1957390568917374,0.7162926180620341,1.0587261846149687
175,0.375,0.0,0.9388774701302554,7,-0.0963030853715627,0.8425743847586926,1.0954926717308544
176,0.4,0.0,0.9662231006223638,7,0.0734651541168597,1.0396882547392234,1.1318282746899013
177,0.425,0.0,0.9940442829653676,7,-0.3596302983843259,0.6344139845810417,1.1676628860539122
178,0.45,0.0,1.022316026517459,7,-0.1308698798520916,0.8914461466653673,1.2029356263646727
179,0.475,0.0,1.0510128215874617,7,0.0798071004384232,1.130819922025885,1.2375943355054089
180,0.5,0.0,1.08010881710355,7,0.1004073550719101,1.18051617217546,1.2715950096685196
181,0.525,0.0,1.1095779866997946,7,0.0787459348593442,1.1883239215591388,1.304901205093817
182,0.55,0.0,1.1393942823883436,7,0.2518511110106307,1.3912453933989744,1.337483426365069
183,0.5750000000000001,0.0,1.1695317752619412,7,-0.3119149792209167,0.8576167960410244,1.369318513850039
184,0.6000000000000001,0.0,1.1999647829283973,7,0.284752670054371,1.4847174529827682,1.4003890419232787
185,0.625,0.0,1.2306679836112118,7,0.0049707694360627,1.2356387530472746,1.4306827369710349
186,0.65,0.0,1.2616165170559932,7,-0.1829359006015572,1.078680616454436,1.460191921866253
187,0.675,0.0,1.292786072559033,7,0.0940271457368413,1.3868132182958743,1.488912991620936
188,0.7000000000000001,0.0,1.324152964582041,7,-0.2840819693281453,1.0400709952538956,1.516845923260561
189,0.7250000000000001,0.0,1.3556941965362483,7,0.1641057329565632,1.5197999294928115,1.5439938215982594
190,0.75,0.0,1.387387513411149,7,-0.1508388791730496,1.2365486342380994,1.5703625014869202
191,0.775,0.0,1.4192114439901395,7,0.1187158351164147,1.5379272791065544,1.595960106263924
192,0.8,0.0,1.451145333439507,7,0.1073668778262876,1.5585122112657948,1.6207967614441865
193,0.8250000000000001,0.0,1.4831693670812518,7,-0.1104178525466665,1.3727515145345852,1.6448842622316737
194,0.8500000000000001,0.0,1.5152645861668383,7,-0.1327096347463566,1.3825549514204818,1.668235793078973
195,0.875,0.0,1.5474128964608278,7,0.1968668450694364,1.7442797415302642,1.6908656773025643
196,0.9,0.0,1.579597070423079,7,0.0227275079489033,1.6023245783719824,1.7127891546351888
197,0.925,0.0,1.611800743748288,7,-0.0550397613126686,1.5567609824356192,1.7340221845458776
198,0.95,0.0,1.644008406984265,7,-0.2807395081486689,1.363268898835596,1.7545812731656936
199,0.975,0.0,1.6762053929076073,7,0.0446647087533707,1.720870101660978,1.7744833217085032
200,1.0,0.0,1.7083778602890036,7,0.1140580604079102,1.8224359206969136,1.7937454943592552
201,1.025,0.0,1.7405127746319102,7,0.582645312189633,2.323158086821543,1.8123851037073364
202,1.05,0.0,1.772597886418946,7,-0.1418216282119014,1.6307762582070446,1.8304195119219355
203,1.075,0.0,1.8046217073512405,7,0.0505507604116692,1.8551724677629096,1.8478660459936134
204,1.1,0.0,1.836573485017848,7,-0.3195790308212731,1.5169944541965747,1.864741925496628
205,1.125,0.0,1.868443176385979,7,-0.6841427506490138,1.1843004257369651,1.881064201456423
206,1.15,0.0,1.90022142045865,7,0.0909114765055592,1.9911328969642093,1.8968497050331876
207,1.175,0.0,1.931899510404708,7,0.02558745426713,1.9574869646718376,1.912115004853735
208,1.2000000000000002,0.0,1.963469365427416,7,-0.1383680953848223,1.8251012700425933,1.9268763719387207
209,1.225,0.0,1.9949235026018568,7,0.2207591355331435,2.215682638135001,1.9411497512796152
210,1.25,0.0,2.0262550088784885,7,-0.0429432145964973,1.9833117942819911,1.9549507392194814
211,1.275,0.0,2.057457513420168,7,0.3937099841017841,2.4511674975219524,1.9682945658832507
212,1.3,0.0,2.0885251604128783,7,0.2500382816243163,2.3385634420371946,1.9811960819869676
213,1.3250000000000002,0.0,2.11945258246598,7,-0.4662997052028647,1.653152877263115,1.9936697494316622
214,1.35,0.0,2.150234874696076,7,-0.1457686602654989,2.004466214430577,2.0057296351563103
215,1.375,0.0,2.180867569569291,7,0.1112689295552,2.292136499124491,2.0173894077863976
216,1.4,0.0,2.2113466125597743,7,-0.5800468073319318,1.6312998052278425,2.0286623366701457
217,1.425,0.0,2.241668338667313,7,0.1335357889291239,2.375204127596437,2.0395612929441524
218,1.4500000000000002,0.0,2.2718294498240432,7,0.5134507444090819,2.785280194233125,2.050098752314467
219,1.475,0.0,2.301826993209005,7,0.0103731125147037,2.3122001057237087,2.0602867992784066
220,1.5,0.0,2.331658340479753,7,-0.0133102015263295,2.3183481389534237,2.070137132547284
221,1.525,0.0,2.361321167922012,7,-0.4305395650810064,1.9307816028410056,2.0796610714610053
222,1.55,0.0,2.3908134375115453,7,0.1095098673428025,2.500323304854348,2.088869563212693
223,1.5750000000000002,0.0,2.420133378876635,7,-0.0009416565922225,2.4191917222844124,2.0977731907254253
224,1.6,0.0,2.449279472144849,7,0.0097560810555731,2.4590355532004224,2.1063821810442516
225,1.625,0.0,2.478250431653952,7,0.2433529947561598,2.721603426410112,2.114706414125127
226,1.65,0.0,2.507045190503721,7,-0.1339411184628034,2.3731040720409173,2.1227554319186637
227,1.675,0.0,2.535662885923081,7,-0.1022408550111194,2.4334220309119616,2.130538447660755
228,1.7000000000000002,0.0,2.564102845425147,7,-0.356446575070649,2.207656270354498,2.1380643552946346
229,1.725,0.0,2.5923645737214907,7,0.0932432659848145,2.685607839706305,2.145341738959767
230,1.75,0.0,2.620447740366087,7,0.4765417614566285,3.096989501822716,2.1523788824924712
231,1.775,0.0,2.648352168098908,7,-0.0483698435199399,2.599982324578968,2.1591837788915083
232,1.8,0.0,2.6760778218589376,7,0.513039502385825,3.1891173242447626,2.1657641397090597
233,1.825,0.0,2.70362479843652,7,0.0322371086849695,2.73586190712149,2.172127404333875
234,1.85,0.0,2.730993316735173,7,0.1909361048628382,2.921929421598011,2.1782807491388216
235,1.875,0.0,2.7581837086135588,7,0.1654321140552804,2.923615822668839,2.184231096469887
236,1.9,0.0,2.785196410278864,7,0.1255311194351828,2.9107275297140465,2.18998512345783
237,1.925,0.0,2.8120319542036274,7,-0.0541995341533751,2.7578324200502524,2.1955492706372906
238,1.95,0.0,2.838690961538838,7,0.3184684667587923,3.1571594282976303,2.2009297503613197
239,1.975,0.0,2.8651741349970505,7,-0.0072873441659114,2.857886790831139,2.2061325550019943
240,0.0,0.0,0.0,8,0.1751118239947781,0.1751118239947781,0.3377269514477402
241,0.05,0.0,0.2479919353527448,8,-0.2356491797013017,0.012342755651443,0.39180994939811253
242,0.1,0.0,0.3507135583350036,8,0.0195310497222524,0.3702446080572561,0.4435633178736981
243,0.15,0.0,0.4295346318982906,8,0.1765106291129626,0.6060452610112532,0.4931502632837197
244,0.2,0.0,0.4959838707054897,8,0.1144708555397155,0.6104547262452052,0.5407174335651418
245,0.25,0.0,0.5545268253204708,8,0.1550242394051803,0.7095510647256511,0.5863980251167965
246,0.3,0.0,0.6074537019394977,8,0.0079777605990491,0.6154314625385467,0.630314134812741
247,0.35,0.0,0.65612498809297,8,-0.183726036026513,0.472398952066457,0.6725785147740994
248,0.4,0.0,0.7014271166700072,8,-0.3200652559860844,0.3813618606839228,0.7132958711321883
249,0.45,0.0,0.7439758060582347,8,0.0093029285806442,0.7532787346388788,0.7525638253327582
250,0.5,0.0,0.7842193570679061,8,0.336724151047783,1.120943508115689,0.7904736326469475
251,0.55,0.0,0.8224962005991274,8,0.2394657711822169,1.0619619717813444,0.8271107304133285
252,0.6000000000000001,0.0,0.8590692637965812,8,-0.2242152609870225,0.6348540028095587,0.8625551695752762
253,0.65,0.0,0.8941476388158726,8,0.0079227048364255,0.902070343652298,0.8968819677457793
254,0.7000000000000001,0.0,0.9279008567729636,8,0.1594640399260599,1.0873648966990237,0.9301614101873087
255,0.75,0.0,0.9604686356149272,8,-0.0156248187789198,0.9448438168360076,0.9624593162976912
256,0.8,0.0,0.9919677414109797,8,-0.0978460873201202,0.8941216540908594,0.9938372828934956
257,0.8500000000000001,0.0,1.0224969437607137,8,0.3808972522443117,1.4033941960050254,1.024352911230871
258,0.9,0.0,1.0521406750050109,8,-0.0798052107685754,0.9723354642364356,1.0540600218106668
259,0.95,0.0,1.0809717850156868,8,0.0468619425568152,1.127833727572502,1.0830088591737466
260,1.0,0.0,1.1090536506409416,8,0.0661147020826974,1.1751683527236392,1.1112462877838942
261,1.05,0.0,1.1364418154925486,8,0.0233172871843744,1.1597591026769232,1.1388159794779686
262,1.1,0.0,1.1631852818876278,8,0.229013802431622,1.39219908431925,1.1657585926602423
263,1.15,0.0,1.189327541092024,8,-0.0878547498803998,1.1014727912116242,1.192111943306486
264,1.2000000000000002,0.0,1.214907403878995,8,-0.1264605573922567,1.0884468464867385,1.2179111678395662
265,1.25,0.0,1.2399596767637244,8,0.2131945274199149,1.4531542041836394,1.2431888779874272
266,1.3,0.0,1.2645157175772863,8,0.248992169889338,1.5135078874666243,1.2679753078024192
267,1.35,0.0,1.2886038956948718,8,-0.0209778482583478,1.267626047436524,1.2922984530884376
268,1.4,0.0,1.31224997618594,8,-0.2689592140540455,1.0432907621318943,1.3161842035388396
269,1.4500000000000002,0.0,1.3354774427147769,8,0.483902210216392,1.8193796529311688,1.3396564679296032
270,1.5,0.0,1.3583077707206126,8,-0.1332923672691371,1.2250154034514753,1.3627372927377917
271,1.55,0.0,1.3807606599262596,8,0.1749301979737752,1.5556908579000348,1.3854469745667042
272,1.6,0.0,1.4028542333400145,8,-0.0415531072387613,1.361301126101253,1.4078041667581565
273,1.65,0.0,1.424605208470052,8,-0.0474403313820798,1.377164877087972,1.429825980561935
274,1.7000000000000002,0.0,1.446029045351441,8,0.2301108625678952,1.6761399079193362,1.4515280812150713
275,1.75,0.0,1.4671400751121209,8,-0.4262661415010707,1.0408739336110502,1.4729247792613356
276,1.8,0.0,1.487951612116469,8,0.0570399635672948,1.544991575683764,1.4940291174163525
277,1.85,0.0,1.508476052179815,8,-0.0532473351073387,1.4552287170724765,1.5148529532572583
278,1.9,0.0,1.528724958911838,8,-0.1159438673939024,1.4127810915179355,1.5354070379892995
279,1.95,0.0,1.548709139896837,8,0.098196894681051,1.646906034577888,1.5557010915158436
280,2.0,0.0,1.5684387141358125,8,-0.3062149123406774,1.262223801795135,1.5757438740137584
281,2.0500000000000003,0.0,1.5879231719450408,8,0.1438309134976051,1.731754085442646,1.595543254193266
282,2.1,0.0,1.607171428317465,8,-0.3078906590320827,1.2992807692853825,1.6151062744005746
283,2.15,0.0,1.6261918705983005,8,-0.1001020881966667,1.5260897824016335,1.6344392127028864
284,2.2,0.0,1.6449924011982548,8,-0.0166696601289123,1.6283227410693426,1.6535476420787774
285,2.25,0.0,1.6635804759614126,8,-0.0714309291402609,1.5921495468211515,1.672436486822562
286,2.3000000000000003,0.0,1.6819631387161849,8,0.1218967562270136,1.8038598949431983,1.6911100762587972
287,2.35,0.0,1.7001470524634037,8,-0.179712947803545,1.5204341046598586,1.7095721958525918
288,2.4000000000000004,0.0,1.7181385275931624,8,-0.3455755746376786,1.3725629529554837,1.7278261357927174
289,2.45,0.0,1.7359435474692142,8,-0.199819256238043,1.5361242912311712,1.7458747371173653
290,2.5,0.0,1.7535677916750183,8,0.4285943891817853,2.182162180856804,1.7637204354468725
291,2.5500000000000003,0.0,1.771016657177453,8,0.4003339639816616,2.1713506211591147,1.7813653023834013
292,2.6,0.0,1.7882952776317451,8,-0.2207393347278996,1.5675559429038457,1.7988110846344862
293,2.6500000000000004,0.0,1.8054085410233327,8,0.2628789509622902,2.068287491985623,1.816059240915264
294,2.7,0.0,1.822361105818493,8,0.1864909065284129,2.008852012346906,1.8331109766829652
295,2.75,0.0,1.839157415774952,8,-0.0198387091547897,1.8193187066201624,1.8499672767568127
296,2.8000000000000003,0.0,1.8558017135459275,8,0.1124987649893283,1.968300478535256,1.866628935876554
297,2.85,0.0,1.872298053195591,8,0.1388800530570363,2.0111781062526277,1.8830965872535164
298,2.9000000000000004,0.0,1.8886503117305755,8,-0.3302091674994219,1.5584411442311537,1.8993707291690327
299,2.95,0.0,1.904862199740444,8,-0.2480113739808673,1.6568508257595762,1.9154517496763883
300,3.0,0.0,1.9209372712298547,8,0.1776229980324733,2.098560269262328,1.9313399494638546
301,3.0500000000000003,0.0,1.93687893271624,8,-0.021317998834119,1.915560933882121,1.9470355629379568
302,3.1,0.0,1.9526904516589407,8,-0.0751806441306971,1.877509807528244,1.9625387775876673
303,3.1500000000000004,0.0,1.96837496427891,8,0.0329307519414134,2.0013057162203234,1.9778497516917586
304,3.2,0.0,1.983935482821959,8,-0.2650354689530017,1.7189000138689574,1.9929686304329761
305,3.25,0.0,1.9993749023132208,8,-0.1228077307202511,1.8765671715929697,2.007895560483982
306,3.3000000000000003,0.0,2.014696006845698,8,0.4246741957197322,2.4393702025654305,2.022630703131118
307,3.35,0.0,2.029901475441604,8,-0.3903954949666257,1.6395059804749783,2.037174246002931
308,3.4000000000000004,0.0,2.044993887521428,8,0.0751931320963232,2.120187019617751,2.0515264134710502
309,3.45,0.0,2.0599757280123474,8,0.0169809979019788,2.0769567259143265,2.0656874757913997
310,3.5,0.0,2.074849392124643,8,0.1813797768748528,2.2562291689994955,2.079657757053895
311,3.5500000000000003,0.0,2.0896171898220977,8,-0.5031089802207082,1.5865082096013894,2.0934376420085754
312,3.6,0.0,2.1042813500100217,8,-0.2727531160514048,1.831528233958617,2.1070275818357933
313,3.65,0.0,2.1188440244623954,8,0.2161653617830829,2.335009386245478,2.1204280989273716
314,3.7,0.0,2.133307291507719,8,-0.2447143803940236,1.888592911113696,2.133639790744744
315,3.75,0.0,2.147673159491453,8,0.2255544622000636,2.373227621691517,2.1466633328189553
316,3.8,0.0,2.1619435700313736,8,0.1207015789456586,2.282645148977032,2.1594994809559775
317,3.85,0.0,2.176120401080786,8,0.3265646074502807,2.5026850085310666,2.1721490727092796
318,3.9,0.0,2.190205469813278,8,0.1728732169975803,2.363078686810858,2.1846130281797604
319,3.95,0.0,2.204200535341556,8,0.0024657846488555,2.206666319990412,2.196892350201271
320,0.0,0.0,0.0,10,-0.0543363838797186,-0.0543363838797186,0.0807960530666897
321,0.0125,0.0125,0.018748535198211,10,0.3222171134066506,0.3409656486048616,0.10141270591692259
322,0.025,0.025,0.0374882825926953,10,0.0954816154836025,0.1329698980762978,0.12156861400102112
323,0.0375,0.0375,0.0562104594141013,10,0.3150785797464513,0.3712890391605526,0.1412741740620094
324,0.05,0.05,0.0749062929587532,10,0.3503438688151256,0.4252501617738788,0.1605396015102585
325,0.0625,0.0625,0.0935670256138039,10,0.0626321257139319,0.1561991513277358,0.1793749321301383
326,0.075,0.075,0.1121839198731708,10,0.1923634083672362,0.3045473282404071,0.1977900237970369
327,0.0875,0.0875,0.1307482633411915,10,0.2090707667716611,0.3398190301128526,0.21579455819382093
328,0.1,0.1,0.1492513737209447,10,0.0135774252245955,0.1628287989455402,0.23339804251996724
329,0.1125,0.1125,0.167684603784187,10,0.1892243625115404,0.3569089662957274,0.25060981119006487
330,0.125,0.125,0.1860393463198753,10,-0.0600917710621133,0.1259475752577619,0.26743902752093046
331,0.1375,0.1375,0.2043070390582491,10,-0.027492175925463,0.176814863132786,0.283894685408729
332,0.15,0.15,0.2224791695674694,10,0.0084631969280087,0.2309423664954781,0.29998561099883214
333,0.1625,0.1625,0.240547280119823,10,0.387868701740881,0.628415981860704,0.3157204643522703
334,0.175,0.175,0.2585029725245236,10,-0.1289723542169861,0.1295306183075374,0.3311077411131633
335,0.1875,0.1875,0.2763379129241587,10,0.3074855670177956,0.5838234799419544,0.3461557741818552
336,0.2,0.2,0.2940438365518559,10,-0.0397157736507318,0.254328062901124,0.3608727353985022
337,0.2125,0.2125,0.3116125524462662,10,-0.0638656324655858,0.2477469199806803,0.37526663724167153
338,0.225,0.225,0.3290359481214878,10,-0.4029723690520592,-0.0739364209305714,0.3893453345461985
339,0.2375,0.2375,0.3463059941890823,10,-0.0971711293617839,0.2491348648272983,0.40311652624407696
340,0.25,0.25,0.363414748929363,10,0.1034950469923808,0.4669097959217438,0.4165877571316437
341,0.2625,0.2625,0.3803543628091717,10,0.0180482669341136,0.3984026297432853,0.4297664196657095
342,0.275,0.275,0.397117082943386,10,0.1467533778622288,0.5438704608056149,0.44265975579069755
343,0.2875,0.2875,0.4136952574974422,10,0.0171495686399471,0.4308448261373894,0.4552748587982311
344,0.3,0.3,0.4300813400281875,10,-0.1884888236231803,0.2415925164050071,0.4676186752199785
345,0.3125,0.3125,0.4462678937604215,10,0.0391771692912815,0.485445063051703,0.47969800675402646
346,0.325,0.325,0.4622475957965202,10,-0.0105111356803364,0.4517364601161837,0.49151951222446394
347,0.3375,0.3375,0.4780132412565814,10,-0.0320517383749814,0.4459615028815999,0.5030897095733913
348,0.35,0.35,0.4935577473465712,10,-0.1935026371534824,0.3000551101930888,0.5144149778840675
349,0.3625,0.3625,0.5088741573519991,10,0.351077671114482,0.8599518284664812,0.5255015594335475
350,0.375,0.375,0.5239556445546908,10,-0.0800447383270178,0.4439109062276729,0.5363555617727818
351,0.3875,0.3875,0.53879551607028,10,0.2372342533510432,0.7760297694213232,0.5469829598318361
352,0.4,0.4,0.5533872166040867,10,-0.0129627790027477,0.540424437601339,0.5573895980476787
353,0.4125,0.4125,0.5677243321231035,10,-0.1775802112066561,0.3901441209164473,0.5675811925117255
354,0.425,0.425,0.5818005934418587,10,-0.0166219384207369,0.5651786550211217,0.5775633331342339
355,0.4375,0.4375,0.5956098797199826,10,0.0180381705056194,0.613648050225602,0.5873414858224825
356,0.45,0.45,0.6091462218693569,10,-0.1371985153436238,0.471947706525733,0.5969209946696181
357,0.4625,0.4625,0.6224038058687835,10,0.1052065039749348,0.7276103098437183,0.6063070841510316
358,0.475,0.475,0.6353769759841646,10,-0.1542531149481192,0.4811238610360454,0.6155048613251086
359,0.4875,0.4875,0.6480602378922484,10,-0.4436394332746222,0.2044208046176262,0.6245193180352244
360,0.5,0.5,0.6604482617060496,10,-0.035357026334462,0.6250912353715876,0.6333553331099446
361,0.5125000000000001,0.5125000000000001,0.672535884900121,10,0.2585800511758312,0.9311159360759522,0.6420176745584247
362,0.525,0.525,0.6843181151339074,10,0.1597221053457926,0.8440402204797001,0.6505110017581458
363,0.5375,0.5375,0.6957901329714854,10,0.2900049436118945,0.9857950765833798,0.6588398676322061
364,0.55,0.55,0.7069472944960473,10,0.1848403526957922,0.8917876471918396,0.6670087208135392
365,0.5625,0.5625,0.7177851338175577,10,0.2494465251211597,0.9672316589387177,0.6750219077935593
366,0.5750000000000001,0.5750000000000001,0.7282993654720818,10,0.1340356015239403,0.8623349669960222,0.6828836750528832
367,0.5875,0.5875,0.7384858867113414,10,-0.1767406263714199,0.5617452603399214,0.6905981711719279
368,0.6000000000000001,0.6000000000000001,0.748340779681131,10,-0.2357095576701439,0.512631222010987,0.6981694489193689
369,0.6125,0.6125,0.7578603134872935,10,0.2689683238863276,1.026828637373621,0.7056014673165381
370,0.625,0.625,0.7670409461480242,10,-0.1262083477835853,0.6408325983644388,0.7128980936760926
371,0.6375000000000001,0.6375000000000001,0.7758793264313377,10,-0.5571801658479821,0.2186991605833556,0.7200631056133541
372,0.65,0.65,0.7843722955766163,10,0.0356264686866302,0.8199987642632465,0.7271001930289374
373,0.6625000000000001,0.6625000000000001,0.7925168888992145,10,-0.1040370851067579,0.6884798037924565,0.7340129600614134
374,0.675,0.675,0.8003103372771796,10,-0.0823498455492557,0.7179604917279239,0.74080492700889
375,0.6875,0.6875,0.8077500685192125,10,-0.2933108922628264,0.514439176256386,0.7474795322185813
376,0.7000000000000001,0.7000000000000001,0.8148337086130757,10,-0.3260976776519644,0.4887360309611112,0.7540401339435048
377,0.7125,0.7125,0.8215590828537174,10,0.10025561128803,0.9218146941417474,0.7604900121656539
378,0.7250000000000001,0.7250000000000001,0.827924216850469,10,0.4357290603511116,1.2636532772015805,0.7668323703850567
379,0.7375,0.7375,0.8339273374127377,10,-0.0335482777442231,0.8003790596685146,0.7730703373742821
380,0.75,0.75,0.8395668733136943,10,-0.3197461339498768,0.5198207393638175,0.7792069688980636
381,0.7625000000000001,0.7625000000000001,0.8448414559315373,10,-0.2431763964935574,0.6016650594379798,0.7852452493977969
382,0.775,0.775,0.8497499197679803,10,-0.5677502938544692,0.2819996259135111,0.7911880936407942
383,0.7875000000000001,0.7875000000000001,0.8542913028436951,10,0.0412871759402725,0.8955784787839677,0.7970383483342431
384,0.8,0.8,0.8584648469705141,10,-0.2191814791469526,0.6392833678235614,0.8027987937039095
385,0.8125,0.8125,0.8622699979002721,10,0.3184999427622459,1.180769940662518,0.8084721450377144
386,0.8250000000000001,0.8250000000000001,0.8657064053502488,10,-0.1441863536334445,0.7215200517168043,0.8140610541943589
387,0.8375,0.8375,0.868773922905241,10,0.0215251044990819,0.890299027404323,0.8195681110772662
388,0.8500000000000001,0.8500000000000001,0.8714726077963807,10,-0.3707520015302841,0.5007206062660966,0.8249958450741397
389,0.8625,0.8625,0.8738027205568819,10,0.1175198238340096,0.9913225443908916,0.8303467264625033
390,0.875,0.875,0.8757647245549819,10,0.131478049651016,1.007242774205998,0.8356231677816528
391,0.8875000000000001,0.8875000000000001,0.8773592854044159,10,-0.1939195190172042,0.6834397663872116,0.8408275251714445
392,0.9,0.9,0.8785872702528392,10,-0.002086590253112,0.8765006799997271,0.8459620996784263
393,0.9125,0.9125,0.8794497469486903,10,-0.2969328750562185,0.5825168718924718,0.8510291385298414
394,0.925,0.925,0.879947983087057,10,-0.2718364480362811,0.608111535050776,0.8560308363760357
395,0.9375,0.9375,0.8800834449351934,10,0.4502138842199181,1.3302973291551117,0.8609693365018544
396,0.95,0.95,0.8798577962383941,10,-0.0521673216414492,0.8276904745969449,0.865846732007626
397,0.9625,0.9625,0.8792728969070244,10,-0.2463434968323443,0.63292940007468,0.8706650669603315
398,0.975,0.975,0.8783308015855634,10,-0.1138302300183952,0.7645005715671682,0.8754263375155893
399,0.9875,0.9875,0.8770337581046004,10,-0.2160421981867004,0.6609915599178999,0.8801324930110928
