,x1,y_raw,rep
0,-4.0,-0.6025601526280298,0.0
1,-3.9,-0.6017270717692758,0.0
2,-3.8,-0.6007800737069044,0.0
3,-3.6999999999999997,-0.5997117640483041,0.0
4,-3.5999999999999996,-0.5985145015350697,0.0
5,-3.4999999999999996,-0.5971802940989586,0.0
6,-3.3999999999999995,-0.5957006467455225,0.0
7,-3.2999999999999994,-0.5940663409879237,0.0
8,-3.1999999999999993,-0.5922671142394023,0.0
9,-3.099999999999999,-0.590291189998996,0.0
10,-2.999999999999999,-0.588124582615485,0.0
11,-2.899999999999999,-0.5857500589181595,0.0
12,-2.799999999999999,-0.5831455752145062,0.0
13,-2.699999999999999,-0.5802819094041294,0.0
14,-2.5999999999999988,-0.5771190532819542,0.0
15,-2.4999999999999987,-0.573600683975669,0.0
16,-2.3999999999999986,-0.5696456343323636,0.0
17,-2.2999999999999985,-0.5651346213513287,0.0
18,-2.1999999999999984,-0.5598893757437987,0.0
19,-2.0999999999999983,-0.5536393993380555,0.0
20,-1.9999999999999982,-0.5459682620877271,0.0
21,-1.8999999999999981,-0.5362256879461463,0.0
22,-1.799999999999998,-0.523382565656204,0.0
23,-1.699999999999998,-0.5057940444377199,0.0
24,-1.5999999999999979,-0.4808321456975624,0.0
25,-1.4999999999999978,-0.4444085877658503,0.0
26,-1.3999999999999977,-0.3907191557831267,0.0
27,-1.2999999999999976,-0.3134776959705959,0.0
28,-1.1999999999999975,-0.21103087834967377,0.0
29,-1.0999999999999974,-0.09428335497613444,0.0
30,-0.9999999999999973,0.014704171719500276,0.0
31,-0.8999999999999972,0.09911025171343894,0.0
32,-0.7999999999999972,0.15679205580923,0.0
33,-0.6999999999999971,0.1935547295363331,0.0
34,-0.599999999999997,0.21586667362960932,0.0
35,-0.4999999999999969,0.22914156575914815,0.0
36,-0.3999999999999968,0.2380637123592993,0.0
37,-0.2999999999999967,0.24691979482404336,0.0
38,-0.19999999999999662,0.25984140110859105,0.0
39,-0.09999999999999654,0.28095132937368644,0.0
40,3.552713678800501e-15,0.3138860917963855,0.0
41,0.1000000000000032,0.3596502883847701,0.0
42,0.20000000000000373,0.412788186397067,0.0
43,0.30000000000000426,0.4611824658489012,0.0
44,0.4000000000000039,0.4953307292507013,0.0
45,0.5000000000000036,0.5155014811278593,0.0
46,0.6000000000000041,0.5270243480111068,0.0
47,0.7000000000000046,0.5346707712262992,0.0
48,0.8000000000000043,0.5412732669378371,0.0
49,0.9000000000000039,0.547959793894409,0.0
50,1.0000000000000044,0.554666028259475,0.0
51,1.100000000000005,0.560715025747176,0.0
52,1.2000000000000046,0.565357583527623,0.0
53,1.3000000000000043,0.5681697332352175,0.0
54,1.4000000000000048,0.5692281056186186,0.0
55,1.5000000000000053,0.5690247290025398,0.0
56,1.600000000000005,0.5681915836898334,0.0
57,1.7000000000000046,0.5672196644985151,0.0
58,1.8000000000000052,0.5663299586977888,0.0
59,1.9000000000000057,0.5655076271915392,0.0
60,2.0000000000000053,0.564609654240033,0.0
61,2.100000000000005,0.5634628856992109,0.0
62,2.2000000000000055,0.5619211744745881,0.0
63,2.300000000000006,0.5598867293024489,0.0
64,2.4000000000000057,0.5573110759492571,0.0
65,2.5000000000000053,0.5541878358318854,0.0
66,2.600000000000006,0.5505437637060618,0.0
67,2.7000000000000064,0.5464304294145343,0.0
68,2.800000000000006,0.5419169736375542,0.0
69,2.9000000000000057,0.5370837578197676,0.0
70,3.000000000000006,0.5320167281245968,0.0
71,3.1000000000000068,0.5268024736518404,0.0
72,3.2000000000000064,0.5215240767826327,0.0
73,3.300000000000006,0.5162578753596171,0.0
74,3.4000000000000066,0.5110712024496084,0.0
75,3.500000000000007,0.5060210821509337,0.0
76,3.6000000000000068,0.5011537767976424,0.0
77,3.7000000000000064,0.4965050239762193,0.0
78,3.800000000000007,0.4921007775200943,0.0
79,3.9000000000000075,0.4879582709614603,0.0
0,-4.0,0.37660710182921264,1.0
1,-3.9,0.3739680040340001,1.0
2,-3.8,0.3709731654203141,1.0
3,-3.6999999999999997,0.3675724697056527,1.0
4,-3.5999999999999996,0.3637081065756289,1.0
5,-3.4999999999999996,0.35931321950709244,1.0
6,-3.3999999999999995,0.35431028379308144,1.0
7,-3.2999999999999994,0.3486091610837003,1.0
8,-3.1999999999999993,0.34210477139536244,1.0
9,-3.099999999999999,0.33467432402728103,1.0
10,-2.999999999999999,0.3261740631347518,1.0
11,-2.899999999999999,0.316435527275993,1.0
12,-2.799999999999999,0.305261423811814,1.0
13,-2.699999999999999,0.2924214300425544,1.0
14,-2.5999999999999988,0.27764864113497745,1.0
15,-2.4999999999999987,0.2606381295783264,1.0
16,-2.3999999999999986,0.2410503581122576,1.0
17,-2.2999999999999985,0.2185242073298186,1.0
18,-2.1999999999999984,0.19270718018746003,1.0
19,-2.0999999999999983,0.16331330150936021,1.0
20,-1.9999999999999982,0.1302200571654831,1.0
21,-1.8999999999999981,0.09360928608495257,1.0
22,-1.799999999999998,0.05413601712383281,1.0
23,-1.699999999999998,0.013072437733184667,1.0
24,-1.5999999999999979,-0.027656748973272343,1.0
25,-1.4999999999999978,-0.06561726404004621,1.0
26,-1.3999999999999977,-0.09828564066660869,1.0
27,-1.2999999999999976,-0.12443839185447378,1.0
28,-1.1999999999999975,-0.1479517791891874,1.0
29,-1.0999999999999974,-0.17718994793952428,1.0
30,-0.9999999999999973,-0.2063928927177004,1.0
31,-0.8999999999999972,-0.23028576021604777,1.0
32,-0.7999999999999972,-0.2669696510111666,1.0
33,-0.6999999999999971,-0.31307352153119783,1.0
34,-0.599999999999997,-0.3405526923809778,1.0
35,-0.4999999999999969,-0.33738862613496984,1.0
36,-0.3999999999999968,-0.30798657328757584,1.0
37,-0.2999999999999967,-0.2604827431481749,1.0
38,-0.19999999999999662,-0.2053279585893238,1.0
39,-0.09999999999999654,-0.15571106007069974,1.0
40,3.552713678800501e-15,-0.12412364723192722,1.0
41,0.1000000000000032,-0.1183363926123828,1.0
42,0.20000000000000373,-0.14030753643979693,1.0
43,0.30000000000000426,-0.18562758406640636,1.0
44,0.4000000000000039,-0.24272840081588468,1.0
45,0.5000000000000036,-0.2967669290471646,1.0
46,0.6000000000000041,-0.3378599653818454,1.0
47,0.7000000000000046,-0.3648188917338709,1.0
48,0.8000000000000043,-0.3817191938033162,1.0
49,0.9000000000000039,-0.3931875148351396,1.0
50,1.0000000000000044,-0.4021976714656175,1.0
51,1.100000000000005,-0.4100189958485242,1.0
52,1.2000000000000046,-0.41694445608250635,1.0
53,1.3000000000000043,-0.4229362170071006,1.0
54,1.4000000000000048,-0.42795155079245106,1.0
55,1.5000000000000053,-0.43203057672149847,1.0
56,1.600000000000005,-0.43527938535124044,1.0
57,1.7000000000000046,-0.4378315792414064,1.0
58,1.8000000000000052,-0.43981951004935493,1.0
59,1.9000000000000057,-0.4413595776683532,1.0
60,2.0000000000000053,-0.4425474896635929,1.0
61,2.100000000000005,-0.4434588776601515,1.0
62,2.2000000000000055,-0.44415216834266036,1.0
63,2.300000000000006,-0.44467200732714707,1.0
64,2.4000000000000057,-0.44505244015786694,1.0
65,2.5000000000000053,-0.44531955757567837,1.0
66,2.600000000000006,-0.44549356181795935,1.0
67,2.7000000000000064,-0.44559031821604816,1.0
68,2.800000000000006,-0.4456224904424642,1.0
69,2.9000000000000057,-0.445600357385828,1.0
70,3.000000000000006,-0.4455323955174407,1.0
71,3.1000000000000068,-0.4454256930316871,1.0
72,3.2000000000000064,-0.44528624558640695,1.0
73,3.300000000000006,-0.44511916980988375,1.0
74,3.4000000000000066,-0.4449288601468949,1.0
75,3.500000000000007,-0.4447191067591363,1.0
76,3.6000000000000068,-0.4444931865549413,1.0
77,3.7000000000000064,-0.44425393547588204,1.0
78,3.800000000000007,-0.4440038074626049,1.0
79,3.9000000000000075,-0.4437449237011275,1.0
0,-4.0,0.0682833102919087,2.0
1,-3.9,0.06363749926763973,2.0
2,-3.8,0.05870080270833814,2.0
3,-3.6999999999999997,0.05344600837003985,2.0
4,-3.5999999999999996,0.0478426784091993,2.0
5,-3.4999999999999996,0.041856891596059556,2.0
6,-3.3999999999999995,0.03545107794533815,2.0
7,-3.2999999999999994,0.028584016314462522,2.0
8,-3.1999999999999993,0.021211091011237946,2.0
9,-3.099999999999999,0.013284931945553625,2.0
10,-2.999999999999999,0.004756590533113113,2.0
11,-2.899999999999999,-0.00442257721373561,2.0
12,-2.799999999999999,-0.014298151127971493,2.0
13,-2.699999999999999,-0.02490888401106375,2.0
14,-2.5999999999999988,-0.03628191398706574,2.0
15,-2.4999999999999987,-0.04842711751247416,2.0
16,-2.3999999999999986,-0.06133103408532738,2.0
17,-2.2999999999999985,-0.07495108820728216,2.0
18,-2.1999999999999984,-0.08921103573265032,2.0
19,-2.0999999999999983,-0.1039984785597235,2.0
20,-1.9999999999999982,-0.1191647279587398,2.0
21,-1.8999999999999981,-0.13452620407861907,2.0
22,-1.799999999999998,-0.14986522694579327,2.0
23,-1.699999999999998,-0.16492720705590727,2.0
24,-1.5999999999999979,-0.17941189089575094,2.0
25,-1.4999999999999978,-0.19295935389826283,2.0
26,-1.3999999999999977,-0.2051372342761673,2.0
27,-1.2999999999999976,-0.21544396054716428,2.0
28,-1.1999999999999975,-0.2233522561866089,2.0
29,-1.0999999999999974,-0.22842432956856976,2.0
30,-0.9999999999999973,-0.2305241079692924,2.0
31,-0.8999999999999972,-0.2301106387718053,2.0
32,-0.7999999999999972,-0.22850201436673273,2.0
33,-0.6999999999999971,-0.2278930687448529,2.0
34,-0.599999999999997,-0.2309380179508606,2.0
35,-0.4999999999999969,-0.23997800714220183,2.0
36,-0.3999999999999968,-0.2563158790267438,2.0
37,-0.2999999999999967,-0.2799728506148861,2.0
38,-0.19999999999999662,-0.31006258312202395,2.0
39,-0.09999999999999654,-0.3455066312347182,2.0
40,3.552713678800501e-15,-0.3854769099183095,2.0
41,0.1000000000000032,-0.42897617660740417,2.0
42,0.20000000000000373,-0.47360013237368553,2.0
43,0.30000000000000426,-0.5144545204806251,2.0
44,0.4000000000000039,-0.5447569207168618,2.0
45,0.5000000000000036,-0.557550636767709,2.0
46,0.6000000000000041,-0.5432266823404772,2.0
47,0.7000000000000046,-0.49321649605733026,2.0
48,0.8000000000000043,-0.43491286991076633,2.0
49,0.9000000000000039,-0.3998436886013412,2.0
50,1.0000000000000044,-0.3835358699239357,2.0
51,1.100000000000005,-0.3749884562945989,2.0
52,1.2000000000000046,-0.3681393038259683,2.0
53,1.3000000000000043,-0.3603963910596721,2.0
54,1.4000000000000048,-0.3508699193945259,2.0
55,1.5000000000000053,-0.33945060668061333,2.0
56,1.600000000000005,-0.326369066664896,2.0
57,1.7000000000000046,-0.31199402234178186,2.0
58,1.8000000000000052,-0.2967420805293463,2.0
59,1.9000000000000057,-0.2810343630163795,2.0
60,2.0000000000000053,-0.2652709408651269,2.0
61,2.100000000000005,-0.2498125500080522,2.0
62,2.2000000000000055,-0.23496713782790452,2.0
63,2.300000000000006,-0.22098137647296243,2.0
64,2.4000000000000057,-0.20803744041810748,2.0
65,2.5000000000000053,-0.19625471617025889,2.0
66,2.600000000000006,-0.18569546855182414,2.0
67,2.7000000000000064,-0.17637313075344338,2.0
68,2.800000000000006,-0.16826185471886626,2.0
69,2.9000000000000057,-0.16130616866356412,2.0
70,3.000000000000006,-0.15542991646741547,2.0
71,3.1000000000000068,-0.1505439929839114,2.0
72,3.2000000000000064,-0.14655267365152952,2.0
73,3.300000000000006,-0.14335853985186608,2.0
74,3.4000000000000066,-0.1408661250626363,2.0
75,3.500000000000007,-0.13898446709685952,2.0
76,3.6000000000000068,-0.13762876837718396,2.0
77,3.7000000000000064,-0.13672135675572458,2.0
78,3.800000000000007,-0.13619211682150245,2.0
79,3.9000000000000075,-0.1359785343706272,2.0
0,-4.0,0.4190569584120718,3.0
1,-3.9,0.40957918334034443,3.0
2,-3.8,0.3987562298374256,3.0
3,-3.6999999999999997,0.38638893404972285,3.0
4,-3.5999999999999996,0.37224457125376537,3.0
5,-3.4999999999999996,0.3560511142231818,3.0
6,-3.3999999999999995,0.33749095280656183,3.0
7,-3.2999999999999994,0.31619437367120884,3.0
8,-3.1999999999999993,0.29173340059910763,3.0
9,-3.099999999999999,0.2636170918165984,3.0
10,-2.999999999999999,0.23129018164835832,3.0
11,-2.899999999999999,0.19413816368565917,3.0
12,-2.799999999999999,0.1515036558817246,3.0
13,-2.699999999999999,0.10272116429658121,3.0
14,-2.5999999999999988,0.04717981572972255,3.0
15,-2.4999999999999987,-0.015574904723578729,3.0
16,-2.3999999999999986,-0.08569151701907268,3.0
17,-2.2999999999999985,-0.16281637454120296,3.0
18,-2.1999999999999984,-0.24587603302939992,3.0
19,-2.0999999999999983,-0.33290171338441016,3.0
20,-1.9999999999999982,-0.4210001046997074,3.0
21,-1.8999999999999981,-0.5065827472185863,3.0
22,-1.799999999999998,-0.5858964819794814,3.0
23,-1.699999999999998,-0.6557438923547017,3.0
24,-1.5999999999999979,-0.7141298225946239,3.0
25,-1.4999999999999978,-0.7605562737977998,3.0
26,-1.3999999999999977,-0.7958623307106342,3.0
27,-1.2999999999999976,-0.8217431072467418,3.0
28,-1.1999999999999975,-0.8402008512107544,3.0
29,-1.0999999999999974,-0.8531285891332693,3.0
30,-0.9999999999999973,-0.8620936103382242,3.0
31,-0.8999999999999972,-0.8682847133728927,3.0
32,-0.7999999999999972,-0.872551926520358,3.0
33,-0.6999999999999971,-0.8754790304827228,3.0
34,-0.599999999999997,-0.8774545986033304,3.0
35,-0.4999999999999969,-0.878727587590646,3.0
36,-0.3999999999999968,-0.8794443406059296,3.0
37,-0.2999999999999967,-0.879667118201447,3.0
38,-0.19999999999999662,-0.8793722367711869,3.0
39,-0.09999999999999654,-0.8784184724333424,3.0
40,3.552713678800501e-15,-0.8764591429519547,3.0
41,0.1000000000000032,-0.8727324660650834,3.0
42,0.20000000000000373,-0.865590666908273,3.0
43,0.30000000000000426,-0.8516079557275532,3.0
44,0.4000000000000039,-0.824898249715408,3.0
45,0.5000000000000036,-0.7801737212208966,3.0
46,0.6000000000000041,-0.7203767766237826,3.0
47,0.7000000000000046,-0.6549905318118505,3.0
48,0.8000000000000043,-0.5904853716023996,3.0
49,0.9000000000000039,-0.530473279407138,3.0
50,1.0000000000000044,-0.4798552793524808,3.0
51,1.100000000000005,-0.44383295440563,3.0
52,1.2000000000000046,-0.42424130429022455,3.0
53,1.3000000000000043,-0.41872800383444053,3.0
54,1.4000000000000048,-0.42294746303439634,3.0
55,1.5000000000000053,-0.43279735239195066,3.0
56,1.600000000000005,-0.44533464221712366,3.0
57,1.7000000000000046,-0.4587537603463379,3.0
58,1.8000000000000052,-0.4720628569467184,3.0
59,1.9000000000000057,-0.48477651685535605,3.0
60,2.0000000000000053,-0.4967020273163026,3.0
61,2.100000000000005,-0.5078069073850195,3.0
62,2.2000000000000055,-0.5181405244929672,3.0
63,2.300000000000006,-0.5277886949969187,3.0
64,2.4000000000000057,-0.536847885044388,3.0
65,2.5000000000000053,-0.5454110164439503,3.0
66,2.600000000000006,-0.5535601683852276,3.0
67,2.7000000000000064,-0.5613634010021813,3.0
68,2.800000000000006,-0.5688740510410297,3.0
69,2.9000000000000057,-0.57613149474761,3.0
70,3.000000000000006,-0.5831627414343289,3.0
71,3.1000000000000068,-0.5899844367966566,3.0
72,3.2000000000000064,-0.5966049900274777,3.0
73,3.300000000000006,-0.6030266317809053,3.0
74,3.4000000000000066,-0.6092472796212939,3.0
75,3.500000000000007,-0.6152621415772455,3.0
76,3.6000000000000068,-0.6210650297864083,3.0
77,3.7000000000000064,-0.6266493863451671,3.0
78,3.800000000000007,-0.6320090436087653,3.0
79,3.9000000000000075,-0.6371387528645991,3.0
0,-4.0,-0.772410302496897,4.0
1,-3.9,-0.7724756598340435,4.0
2,-3.8,-0.7725448708647671,4.0
3,-3.6999999999999997,-0.7726180445681504,4.0
4,-3.5999999999999996,-0.7726952737222796,4.0
5,-3.4999999999999996,-0.7727766284144875,4.0
6,-3.3999999999999995,-0.7728621472942486,4.0
7,-3.2999999999999994,-0.772951825683053,4.0
8,-3.1999999999999993,-0.77304559936565,4.0
9,-3.099999999999999,-0.7731433225889304,4.0
10,-2.999999999999999,-0.7732447385737125,4.0
11,-2.899999999999999,-0.7733494408563322,4.0
12,-2.799999999999999,-0.7734568242611818,4.0
13,-2.699999999999999,-0.7735660255706036,4.0
14,-2.5999999999999988,-0.7736758563006525,4.0
15,-2.4999999999999987,-0.7737847335115738,4.0
16,-2.3999999999999986,-0.7738906189046828,4.0
17,-2.2999999999999985,-0.773990980446129,4.0
18,-2.1999999999999984,-0.7740827924906315,4.0
19,-2.0999999999999983,-0.7741625877446762,4.0
20,-1.9999999999999982,-0.7742265664839082,4.0
21,-1.8999999999999981,-0.7742707570086544,4.0
22,-1.799999999999998,-0.7742912108773335,4.0
23,-1.699999999999998,-0.7742842109062354,4.0
24,-1.5999999999999979,-0.7742464666134997,4.0
25,-1.4999999999999978,-0.7741752574364604,4.0
26,-1.3999999999999977,-0.7740684378457945,4.0
27,-1.2999999999999976,-0.7739241202011204,4.0
28,-1.1999999999999975,-0.7737396805962505,4.0
29,-1.0999999999999974,-0.7735094403659513,4.0
30,-0.9999999999999973,-0.7732197992224087,4.0
31,-0.8999999999999972,-0.7728392470695852,4.0
32,-0.7999999999999972,-0.7722970753490919,4.0
33,-0.6999999999999971,-0.7714337891456438,4.0
34,-0.599999999999997,-0.769869641040636,4.0
35,-0.4999999999999969,-0.7665976012205009,4.0
36,-0.3999999999999968,-0.7585114741501947,4.0
37,-0.2999999999999967,-0.7346220722795457,4.0
38,-0.19999999999999662,-0.6575797911690141,4.0
39,-0.09999999999999654,-0.44581021703324847,4.0
40,3.552713678800501e-15,-0.041514703493441656,4.0
41,0.1000000000000032,0.3782210923161835,4.0
42,0.20000000000000373,0.5802724687265736,4.0
43,0.30000000000000426,0.6477084143545799,4.0
44,0.4000000000000039,0.6705652457376351,4.0
45,0.5000000000000036,0.680406882517045,4.0
46,0.6000000000000041,0.687631420947924,4.0
47,0.7000000000000046,0.6952794793021129,4.0
48,0.8000000000000043,0.703556019786573,4.0
49,0.9000000000000039,0.7119002975069559,4.0
50,1.0000000000000044,0.7198650599181049,4.0
51,1.100000000000005,0.7272803248761294,4.0
52,1.2000000000000046,0.7341464819866336,4.0
53,1.3000000000000043,0.7405073401948553,4.0
54,1.4000000000000048,0.7463705947573364,4.0
55,1.5000000000000053,0.7516810105282747,4.0
56,1.600000000000005,0.7563434137273586,4.0
57,1.7000000000000046,0.7602766478144183,4.0
58,1.8000000000000052,0.7634607805676026,4.0
59,1.9000000000000057,0.7659482132278623,4.0
60,2.0000000000000053,0.7678411222411359,4.0
61,2.100000000000005,0.7692584608781524,4.0
62,2.2000000000000055,0.7703113737547786,4.0
63,2.300000000000006,0.7710918423839414,4.0
64,2.4000000000000057,0.7716708799103872,4.0
65,2.5000000000000053,0.7721012744640999,4.0
66,2.600000000000006,0.7724215735571319,4.0
67,2.7000000000000064,0.772659780068943,4.0
68,2.800000000000006,0.7728362881197721,4.0
69,2.9000000000000057,0.7729660543259614,4.0
70,3.000000000000006,0.7730601495990084,4.0
71,3.1000000000000068,0.7731268523513934,4.0
72,3.2000000000000064,0.7731724162934043,4.0
73,3.300000000000006,0.7732016116746647,4.0
74,3.4000000000000066,0.773218109748539,4.0
75,3.500000000000007,0.7732247585797054,4.0
76,3.6000000000000068,0.7732237830848308,4.0
77,3.7000000000000064,0.7732169317734068,4.0
78,3.800000000000007,0.7732055856046249,4.0
79,3.9000000000000075,0.7731908396181193,4.0
0,-4.0,0.11034932884697347,5.0
1,-3.9,0.11054003734846875,5.0
2,-3.8,0.1107269959449827,5.0
3,-3.6999999999999997,0.11090936363484534,5.0
4,-3.5999999999999996,0.11108634566206833,5.0
5,-3.4999999999999996,0.11125719915001824,5.0
6,-3.3999999999999995,0.1114212360322517,5.0
7,-3.2999999999999994,0.11157782298089895,5.0
8,-3.1999999999999993,0.11172637810075842,5.0
9,-3.099999999999999,0.11186636422646325,5.0
10,-2.999999999999999,0.11199727873059324,5.0
11,-2.899999999999999,0.11211863982654162,5.0
12,-2.799999999999999,0.11222996944043163,5.0
13,-2.699999999999999,0.11233077284447825,5.0
14,-2.5999999999999988,0.11242051540125365,5.0
15,-2.4999999999999987,0.11249859695876338,5.0
16,-2.3999999999999986,0.11256432460489224,5.0
17,-2.2999999999999985,0.11261688447243194,5.0
18,-2.1999999999999984,0.11265531272086222,5.0
19,-2.0999999999999983,0.11267846405812715,5.0
20,-1.9999999999999982,0.11268497226511205,5.0
21,-1.8999999999999981,0.11267319018470272,5.0
22,-1.799999999999998,0.11264108623203352,5.0
23,-1.699999999999998,0.11258606181840583,5.0
24,-1.5999999999999979,0.11250464132680439,5.0
25,-1.4999999999999978,0.11239197320999982,5.0
26,-1.3999999999999977,0.11224105986224912,5.0
27,-1.2999999999999976,0.11204159268573301,5.0
28,-1.1999999999999975,0.11177820852041,5.0
29,-1.0999999999999974,0.11142794209368975,5.0
30,-0.9999999999999973,0.11095669811163338,5.0
31,-0.8999999999999972,0.11031479448546197,5.0
32,-0.7999999999999972,0.1094321562475335,5.0
33,-0.6999999999999971,0.10821464834011627,5.0
34,-0.599999999999997,0.10654366058270978,5.0
35,-0.4999999999999969,0.10427812746875245,5.0
36,-0.3999999999999968,0.10124475198585361,5.0
37,-0.2999999999999967,0.09717553673423357,5.0
38,-0.19999999999999662,0.09153378650632966,5.0
39,-0.09999999999999654,0.08321760124365953,5.0
40,3.552713678800501e-15,0.07036860123765333,5.0
41,0.1000000000000032,0.05120363894107745,5.0
42,0.20000000000000373,0.026882572989977,5.0
43,0.30000000000000426,0.002922432975028298,5.0
44,0.4000000000000039,-0.015538326666703076,5.0
45,0.5000000000000036,-0.027336233458280824,5.0
46,0.6000000000000041,-0.03343733843974589,5.0
47,0.7000000000000046,-0.03514178148196121,5.0
48,0.8000000000000043,-0.033994356826192375,5.0
49,0.9000000000000039,-0.03190417398993016,5.0
50,1.0000000000000044,-0.030689351218175377,5.0
51,1.100000000000005,-0.0314618414417697,5.0
52,1.2000000000000046,-0.034471500955988416,5.0
53,1.3000000000000043,-0.039357053955750794,5.0
54,1.4000000000000048,-0.04546629067035005,5.0
55,1.5000000000000053,-0.05209832373645378,5.0
56,1.600000000000005,-0.0586587438788966,5.0
57,1.7000000000000046,-0.06473491455099163,5.0
58,1.8000000000000052,-0.07010223767972364,5.0
59,1.9000000000000057,-0.07468632918948385,5.0
60,2.0000000000000053,-0.0785107682786547,5.0
61,2.100000000000005,-0.08165099060002272,5.0
62,2.2000000000000055,-0.08420215600036646,5.0
63,2.300000000000006,-0.08626036177560517,5.0
64,2.4000000000000057,-0.08791342372561506,5.0
65,2.5000000000000053,-0.08923743445554368,5.0
66,2.600000000000006,-0.09029636560010286,5.0
67,2.7000000000000064,-0.09114305247740047,5.0
68,2.800000000000006,-0.09182066500220644,5.0
69,2.9000000000000057,-0.09236423141792678,5.0
70,3.000000000000006,-0.09280203228241825,5.0
71,3.1000000000000068,-0.09315680630268232,5.0
72,3.2000000000000064,-0.09344676523554675,5.0
73,3.300000000000006,-0.09368643652774244,5.0
74,3.4000000000000066,-0.09388735815885457,5.0
75,3.500000000000007,-0.09405864950248936,5.0
76,3.6000000000000068,-0.09420747919736036,5.0
77,3.7000000000000064,-0.09433944781129334,5.0
78,3.800000000000007,-0.09445890013566847,5.0
79,3.9000000000000075,-0.09456917943233023,5.0
0,-4.0,0.5226121470671351,6.0
1,-3.9,0.5261776618578894,6.0
2,-3.8,0.5296743446578038,6.0
3,-3.6999999999999997,0.5331043007737821,6.0
4,-3.5999999999999996,0.536467514558351,6.0
5,-3.4999999999999996,0.5397613148236375,6.0
6,-3.3999999999999995,0.5429797863200341,6.0
7,-3.2999999999999994,0.5461131695072877,6.0
8,-3.1999999999999993,0.5491473227731497,6.0
9,-3.099999999999999,0.5520633638066866,6.0
10,-2.999999999999999,0.5548376597038415,6.0
11,-2.899999999999999,0.5574423963359945,6.0
12,-2.799999999999999,0.5598470225243597,6.0
13,-2.699999999999999,0.5620209284969604,6.0
14,-2.5999999999999988,0.5639377724964786,6.0
15,-2.4999999999999987,0.5655818859897458,6.0
16,-2.3999999999999986,0.5669570676093442,6.0
17,-2.2999999999999985,0.5680975578056143,6.0
18,-2.1999999999999984,0.5690796063204535,6.0
19,-2.0999999999999983,0.5700294334877122,6.0
20,-1.9999999999999982,0.5711202374825892,6.0
21,-1.8999999999999981,0.5725501149709685,6.0
22,-1.799999999999998,0.5744984701574031,6.0
23,-1.699999999999998,0.5770708972315041,6.0
24,-1.5999999999999979,0.5802530449244026,6.0
25,-1.4999999999999978,0.5838906015541228,6.0
26,-1.3999999999999977,0.5876939242072465,6.0
27,-1.2999999999999976,0.5912447975763284,6.0
28,-1.1999999999999975,0.5939714678996776,6.0
29,-1.0999999999999974,0.595054275781117,6.0
30,-0.9999999999999973,0.593214984032993,6.0
31,-0.8999999999999972,0.586320404596755,6.0
32,-0.7999999999999972,0.5707323582484533,6.0
33,-0.6999999999999971,0.540591288255031,6.0
34,-0.599999999999997,0.4884044564964361,6.0
35,-0.4999999999999969,0.41027390286664156,6.0
36,-0.3999999999999968,0.3151522448961963,6.0
37,-0.2999999999999967,0.22403889346087202,6.0
38,-0.19999999999999662,0.15408831758248606,6.0
39,-0.09999999999999654,0.10948245307899554,6.0
40,3.552713678800501e-15,0.08623987258903994,6.0
41,0.1000000000000032,0.07867306938907208,6.0
42,0.20000000000000373,0.08197036215063373,6.0
43,0.30000000000000426,0.0923957366037573,6.0
44,0.4000000000000039,0.10696251227944129,6.0
45,0.5000000000000036,0.1232903072835943,6.0
46,0.6000000000000041,0.1396355047279635,6.0
47,0.7000000000000046,0.1548990982721485,6.0
48,0.8000000000000043,0.1685285853466805,6.0
49,0.9000000000000039,0.18035826463669316,6.0
50,1.0000000000000044,0.19045621090914036,6.0
51,1.100000000000005,0.19901167201635125,6.0
52,1.2000000000000046,0.2062649467883298,6.0
53,1.3000000000000043,0.2124690632112377,6.0
54,1.4000000000000048,0.21787146379667424,6.0
55,1.5000000000000053,0.22270656479775397,6.0
56,1.600000000000005,0.2271930264638926,6.0
57,1.7000000000000046,0.2315319720017378,6.0
58,1.8000000000000052,0.23590421119695437,6.0
59,1.9000000000000057,0.24046590084040712,6.0
60,2.0000000000000053,0.245343090047508,6.0
61,2.100000000000005,0.2506262544749965,6.0
62,2.2000000000000055,0.2563661841139224,6.0
63,2.300000000000006,0.2625724475681129,6.0
64,2.4000000000000057,0.26921517698771297,6.0
65,2.5000000000000053,0.2762302458027246,6.0
66,2.600000000000006,0.2835272344185673,6.0
67,2.7000000000000064,0.29099907442364353,6.0
68,2.800000000000006,0.2985320427704658,6.0
69,2.9000000000000057,0.3060148637469579,6.0
70,3.000000000000006,0.3133460005443305,6.0
71,3.1000000000000068,0.32043865946593364,6.0
72,3.2000000000000064,0.32722346266431873,6.0
73,3.300000000000006,0.3336490777701706,6.0
74,3.4000000000000066,0.3396812841089666,6.0
75,3.500000000000007,0.3453010113127253,6.0
76,3.6000000000000068,0.3505018419236275,6.0
77,3.7000000000000064,0.35528736902053826,6.0
78,3.800000000000007,0.35966868149870446,6.0
79,3.9000000000000075,0.3636621396874544,6.0
0,-4.0,-0.8811717013657901,7.0
1,-3.9,-0.8813391509783465,7.0
2,-3.8,-0.8815128413482518,7.0
3,-3.6999999999999997,-0.881694086902158,7.0
4,-3.5999999999999996,-0.8818843566144728,7.0
5,-3.4999999999999996,-0.882085285398822,7.0
6,-3.3999999999999995,-0.8822986822276863,7.0
7,-3.2999999999999994,-0.8825265323237875,7.0
8,-3.1999999999999993,-0.8827709895219282,7.0
9,-3.099999999999999,-0.8830343531951919,7.0
10,-2.999999999999999,-0.8833190218558797,7.0
11,-2.899999999999999,-0.8836274125628635,7.0
12,-2.799999999999999,-0.8839618315062628,7.0
13,-2.699999999999999,-0.8843242765827072,7.0
14,-2.5999999999999988,-0.8847161475276583,7.0
15,-2.4999999999999987,-0.8851378334896527,7.0
16,-2.3999999999999986,-0.8855881421130778,7.0
17,-2.2999999999999985,-0.8860635281119469,7.0
18,-2.1999999999999984,-0.8865570710474404,7.0
19,-2.0999999999999983,-0.8870571345532102,7.0
20,-1.9999999999999982,-0.8875455932075855,7.0
21,-1.8999999999999981,-0.8879953916532596,7.0
22,-1.799999999999998,-0.888366896824659,7.0
23,-1.699999999999998,-0.8886017806090619,7.0
24,-1.5999999999999979,-0.8886114817098,7.0
25,-1.4999999999999978,-0.8882533100784195,7.0
26,-1.3999999999999977,-0.8872774939031278,7.0
27,-1.2999999999999976,-0.885203499356576,7.0
28,-1.1999999999999975,-0.8810194583268999,7.0
29,-1.0999999999999974,-0.8724496246094497,7.0
30,-0.9999999999999973,-0.8543669589114272,7.0
31,-0.8999999999999972,-0.8168915903079341,7.0
32,-0.7999999999999972,-0.7495181457618956,7.0
33,-0.6999999999999971,-0.6600531718302595,7.0
34,-0.599999999999997,-0.5808199176231266,7.0
35,-0.4999999999999969,-0.5339984528617229,7.0
36,-0.3999999999999968,-0.515846102487503,7.0
37,-0.2999999999999967,-0.516725728483105,7.0
38,-0.19999999999999662,-0.533449062451364,7.0
39,-0.09999999999999654,-0.5656575137193799,7.0
40,3.552713678800501e-15,-0.6086200871579057,7.0
41,0.1000000000000032,-0.6525400133106954,7.0
42,0.20000000000000373,-0.6891349060240693,7.0
43,0.30000000000000426,-0.7159543886046419,7.0
44,0.4000000000000039,-0.7345424265606151,7.0
45,0.5000000000000036,-0.7473397445634804,7.0
46,0.6000000000000041,-0.7562675909103443,7.0
47,0.7000000000000046,-0.762541115823484,7.0
48,0.8000000000000043,-0.7668612517369137,7.0
49,0.9000000000000039,-0.7696189274076509,7.0
50,1.0000000000000044,-0.7710315363975244,7.0
51,1.100000000000005,-0.7712199512660521,7.0
52,1.2000000000000046,-0.7702478153211415,7.0
53,1.3000000000000043,-0.7681396217391183,7.0
54,1.4000000000000048,-0.7648873093685118,7.0
55,1.5000000000000053,-0.760450460806262,7.0
56,1.600000000000005,-0.7547526901232807,7.0
57,1.7000000000000046,-0.7476757222013514,7.0
58,1.8000000000000052,-0.7390523229977163,7.0
59,1.9000000000000057,-0.7286592046771729,7.0
60,2.0000000000000053,-0.7162110875942593,7.0
61,2.100000000000005,-0.7013571930151633,7.0
62,2.2000000000000055,-0.6836815792990796,7.0
63,2.300000000000006,-0.6627089317019583,7.0
64,2.4000000000000057,-0.6379176331815625,7.0
65,2.5000000000000053,-0.6087620716976743,7.0
66,2.600000000000006,-0.5747059979598674,7.0
67,2.7000000000000064,-0.5352680828433105,7.0
68,2.800000000000006,-0.49007931464632826,7.0
69,2.9000000000000057,-0.4389492084033653,7.0
70,3.000000000000006,-0.38193390756204654,7.0
71,3.1000000000000068,-0.3193947548627316,7.0
72,3.2000000000000064,-0.2520324482709807,7.0
73,3.300000000000006,-0.18088195100870094,7.0
74,3.4000000000000066,-0.1072589680442436,7.0
75,3.500000000000007,-0.03265990137363703,7.0
76,3.6000000000000068,0.04136962887273166,7.0
77,3.7000000000000064,0.11337286973537777,7.0
78,3.800000000000007,0.182100043643598,7.0
79,3.9000000000000075,0.24658683423011057,7.0
0,-4.0,-0.20541736940634034,8.0
1,-3.9,-0.20651897941305686,8.0
2,-3.8,-0.20759281161843923,8.0
3,-3.6999999999999997,-0.2086161933969831,8.0
4,-3.5999999999999996,-0.20956424737277274,8.0
5,-3.4999999999999996,-0.21041065327541983,8.0
6,-3.3999999999999995,-0.2111285813343762,8.0
7,-3.2999999999999994,-0.21169173169772243,8.0
8,-3.1999999999999993,-0.21207539945421494,8.0
9,-3.099999999999999,-0.21225748224479835,8.0
10,-2.999999999999999,-0.21221935774522227,8.0
11,-2.899999999999999,-0.21194657879173165,8.0
12,-2.799999999999999,-0.21142935945244282,8.0
13,-2.699999999999999,-0.21066284991080544,8.0
14,-2.5999999999999988,-0.20964721653012808,8.0
15,-2.4999999999999987,-0.20838755300692272,8.0
16,-2.3999999999999986,-0.20689364883871422,8.0
17,-2.2999999999999985,-0.20517963450668653,8.0
18,-2.1999999999999984,-0.20326351247925525,8.0
19,-2.0999999999999983,-0.20116657388003906,8.0
20,-1.9999999999999982,-0.19891269724670999,8.0
21,-1.8999999999999981,-0.19652753323565916,8.0
22,-1.799999999999998,-0.1940376028439262,8.0
23,-1.699999999999998,-0.19146938311564551,8.0
24,-1.5999999999999979,-0.18884853102419785,8.0
25,-1.4999999999999978,-0.18619951103884297,8.0
26,-1.3999999999999977,-0.18354604706781544,8.0
27,-1.2999999999999976,-0.18091299545746892,8.0
28,-1.1999999999999975,-0.17833035307652076,8.0
29,-1.0999999999999974,-0.17583996018187928,8.0
30,-0.9999999999999973,-0.17350457568120795,8.0
31,-0.8999999999999972,-0.1714166241430068,8.0
32,-0.7999999999999972,-0.1696992213621302,8.0
33,-0.6999999999999971,-0.1684854286152038,8.0
34,-0.599999999999997,-0.16785714367181065,8.0
35,-0.4999999999999969,-0.16773195015739442,8.0
36,-0.3999999999999968,-0.16771198908862794,8.0
37,-0.2999999999999967,-0.16694047591453906,8.0
38,-0.19999999999999662,-0.16401778851426796,8.0
39,-0.09999999999999654,-0.1570192554684144,8.0
40,3.552713678800501e-15,-0.14369886869443863,8.0
41,0.1000000000000032,-0.12203766310246993,8.0
42,0.20000000000000373,-0.09118013190045543,8.0
43,0.30000000000000426,-0.052310962751321514,8.0
44,0.4000000000000039,-0.00860842056659466,8.0
45,0.5000000000000036,0.03597359593273535,8.0
46,0.6000000000000041,0.07813877458201607,8.0
47,0.7000000000000046,0.11590273230412541,8.0
48,0.8000000000000043,0.14846610095807666,8.0
49,0.9000000000000039,0.17581396104029887,8.0
50,1.0000000000000044,0.19836532037450919,8.0
51,1.100000000000005,0.2167367795703487,8.0
52,1.2000000000000046,0.23159386319707695,8.0
53,1.3000000000000043,0.24356309931867434,8.0
54,1.4000000000000048,0.25318798908098555,8.0
55,1.5000000000000053,0.26091535796170523,8.0
56,1.600000000000005,0.26710000527905087,8.0
57,1.7000000000000046,0.272018137810712,8.0
58,1.8000000000000052,0.27588333439336415,8.0
59,1.9000000000000057,0.27886163725290064,8.0
60,2.0000000000000053,0.2810843066023663,8.0
61,2.100000000000005,0.28265786279976984,8.0
62,2.2000000000000055,0.2836715453580064,8.0
63,2.300000000000006,0.2842025083932161,8.0
64,2.4000000000000057,0.2843191326197666,8.0
65,2.5000000000000053,0.2840828588089466,8.0
66,2.600000000000006,0.2835489619283684,8.0
67,2.7000000000000064,0.28276667775615655,8.0
68,2.800000000000006,0.2817790483613028,8.0
69,2.9000000000000057,0.2806227681348873,8.0
70,3.000000000000006,0.2793282048976244,8.0
71,3.1000000000000068,0.27791966630863435,8.0
72,3.2000000000000064,0.276415901326801,8.0
73,3.300000000000006,0.2748307790131435,8.0
74,3.4000000000000066,0.2731740700844018,8.0
75,3.500000000000007,0.27145226117636956,8.0
76,3.6000000000000068,0.2696693472925862,8.0
77,3.7000000000000064,0.2678275661253716,8.0
78,3.800000000000007,0.2659280538943703,8.0
79,3.9000000000000075,0.26397141402599145,8.0
0,-4.0,-0.09487403485684495,9.0
1,-3.9,-0.09491116254629019,9.0
2,-3.8,-0.09494556522815949,9.0
3,-3.6999999999999997,-0.09497635521054514,9.0
4,-3.5999999999999996,-0.09500255235466648,9.0
5,-3.4999999999999996,-0.09502308879047132,9.0
6,-3.3999999999999995,-0.09503681228384032,9.0
7,-3.2999999999999994,-0.09504248559905543,9.0
8,-3.1999999999999993,-0.09503877878847589,9.0
9,-3.099999999999999,-0.09502425125429621,9.0
10,-2.999999999999999,-0.09499732071028803,9.0
11,-2.899999999999999,-0.09495621679009639,9.0
12,-2.799999999999999,-0.0948989178891033,9.0
13,-2.699999999999999,-0.09482307071185768,9.0
14,-2.5999999999999988,-0.0947258927037321,9.0
15,-2.4999999999999987,-0.09460405780947341,9.0
16,-2.3999999999999986,-0.09445356550112408,9.0
17,-2.2999999999999985,-0.09426959134964093,9.0
18,-2.1999999999999984,-0.09404631408838357,9.0
19,-2.0999999999999983,-0.09377670861488632,9.0
20,-1.9999999999999982,-0.0934522863040595,9.0
21,-1.8999999999999981,-0.09306275329802466,9.0
22,-1.799999999999998,-0.09259554451935972,9.0
23,-1.699999999999998,-0.09203517686231306,9.0
24,-1.5999999999999979,-0.09136235022096806,9.0
25,-1.4999999999999978,-0.09055271019342025,9.0
26,-1.3999999999999977,-0.08957517182042304,9.0
27,-1.2999999999999976,-0.0883896919669669,9.0
28,-1.1999999999999975,-0.08694437867426436,9.0
29,-1.0999999999999974,-0.08517186565177742,9.0
30,-0.9999999999999973,-0.0829850163433683,9.0
31,-0.8999999999999972,-0.08027235593146066,9.0
32,-0.7999999999999972,-0.07689430068506041,9.0
33,-0.6999999999999971,-0.07268236466911872,9.0
34,-0.599999999999997,-0.0674449080105737,9.0
35,-0.4999999999999969,-0.06098381379021808,9.0
36,-0.3999999999999968,-0.05312512098061609,9.0
37,-0.2999999999999967,-0.04376208346795021,9.0
38,-0.19999999999999662,-0.03290408700665868,9.0
39,-0.09999999999999654,-0.02072513240788385,9.0
40,3.552713678800501e-15,-0.007607887821184811,9.0
41,0.1000000000000032,0.005836600376331234,9.0
42,0.20000000000000373,0.018827341271515502,9.0
43,0.30000000000000426,0.030588914132571747,9.0
44,0.4000000000000039,0.040575928332802186,9.0
45,0.5000000000000036,0.048599939548918676,9.0
46,0.6000000000000041,0.05479255032850548,9.0
47,0.7000000000000046,0.059475107429800986,9.0
48,0.8000000000000043,0.0630376494333532,9.0
49,0.9000000000000039,0.06587252185455302,9.0
50,1.0000000000000044,0.06835328036801809,9.0
51,1.100000000000005,0.07082715896804137,9.0
52,1.2000000000000046,0.07358323268601959,9.0
53,1.3000000000000043,0.07676997447639364,9.0
54,1.4000000000000048,0.08029840674603207,9.0
55,1.5000000000000053,0.08384760574917219,9.0
56,1.600000000000005,0.08703311868919282,9.0
57,1.7000000000000046,0.08960868133714182,9.0
58,1.8000000000000052,0.09153280347781695,9.0
59,1.9000000000000057,0.09290096261911657,9.0
60,2.0000000000000053,0.09385074626386612,9.0
61,2.100000000000005,0.09450543860510871,9.0
62,2.2000000000000055,0.09495715145189178,9.0
63,2.300000000000006,0.09526956371832797,9.0
64,2.4000000000000057,0.09548561404957628,9.0
65,2.5000000000000053,0.09563422856418378,9.0
66,2.600000000000006,0.09573500848719062,9.0
67,2.7000000000000064,0.09580131884711406,9.0
68,2.800000000000006,0.09584233134661138,9.0
69,2.9000000000000057,0.09586439314112162,9.0
70,3.000000000000006,0.0958719495040625,9.0
71,3.1000000000000068,0.09586816603153034,9.0
72,3.2000000000000064,0.09585534766382246,9.0
73,3.300000000000006,0.09583522038631025,9.0
74,3.4000000000000066,0.09580912006074215,9.0
75,3.500000000000007,0.09577811826453908,9.0
76,3.6000000000000068,0.09574310525770002,9.0
77,3.7000000000000064,0.09570484374122161,9.0
78,3.800000000000007,0.09566400280467963,9.0
79,3.9000000000000075,0.09562117861109307,9.0
